ad_product_type,advertiser,campaign,exposure_group,time_window_start,time_window_end,reach,new_to_brand,dpv_dsp,unique_dpv,purchases,unique_purchases,phone_impressions,tablet_impressions,tv_impressions,pc_impressions,other_impressions,exposure_group_imp,phone_cost,tablet_cost,tv_cost,pc_cost,other_cost,exposure_group_cost,phone_clicks,tablet_clicks,tv_clicks,pc_clicks,other_clicks,exposure_group_clicks,phone_purchases,tablet_purchases,tv_purchases,pc_purchases,other_purchases,exposure_group_purchases,phone_revenue,tablet_revenue,tv_revenue,pc_revenue,other_revenue,exposure_group_revenue,phone_roas,tablet_roas,tv_roas,pc_roas,other_roas,exposure_group_roas
dsp,Demobrand_3,Amazon_CPZ-AMZ-027_2021_Demobrand_3_PCP_Conversion_ROAS,PC_only,2021-08-01T00:00:00.000Z,2021-08-08T00:00:00.000Z,27970,64,1200,598,224,198,0,0,0,65395,0,65395,0,0,0,277.19729,0,277.19729,0,0,0,31,0,31,0,0,0,224,0,224,0,0,0,2408.49,0,2408.49,0,0,0,8.688721307,0,8.688721307
dsp,Demobrand_4,Amazon_TMZ-AMZ-008_2021_Demobrand_4_OC/PC_Conversion_ROAS_Kids,PC_and_TV,2021-08-01T00:00:00.000Z,2021-08-08T00:00:00.000Z,5,0,0,0,0,0,0,0,14,31,0,45,0,0,0.04891,0.11294,0,0.16185,0,0,0,0,0,0,0,0,0,0,0,0,0,0,0,0,0,0,0,0,0,0,0,0
,,,,2021-08-01T00:00:00.000Z,2021-08-08T00:00:00.000Z,10,0,,,0,0,,,,,,,,,,,,,,,,,,,,,,,,,,,,,,,,,,,,
dsp,Demobrand_1,Amazon_CPZ-AMZ-028_2021_Demobrand_1_Product_Type1_Consideration_DPVR_AV_DO NOT BILL,TV_only,2021-08-01T00:00:00.000Z,2021-08-08T00:00:00.000Z,198,0,0,0,0,0,0,0,199,0,0,199,0,0,0.47913,0,0,0.47913,0,0,0,0,0,0,0,0,0,0,0,0,0,0,0,0,0,0,0,0,0,0,0,0
dsp,Demobrand_4,Amazon_TMZ-AMZ-008_2021_Demobrand_4_OC/PC_Consideration_DPVR_Kids,TV_only,2021-08-01T00:00:00.000Z,2021-08-08T00:00:00.000Z,24,0,0,0,0,0,0,0,39,0,0,39,0,0,0.05992,0,0,0.05992,0,0,0,0,0,0,0,0,0,0,0,0,0,0,0,0,0,0,0,0,0,0,0,0
dsp,Demobrand_1,Amazon_CPZ-AMZ-028_2021_Demobrand_1_Product_Type2_Consideration_DPVR_AV_DO NOT BILL,PC_and_Tablet,2021-08-01T00:00:00.000Z,2021-08-08T00:00:00.000Z,3,0,0,0,0,0,0,4,0,5,0,9,0,0.01159,0,0.01657,0,0.02816,0,0,0,0,0,0,0,0,0,0,0,0,0,0,0,0,0,0,0,0,0,0,0,0
dsp,Demobrand_4,Amazon_TMZ-AMZ-008_2021_Demobrand_4_OC/PC_Conversion_ROAS_Personal Care,Phone_and_PC_and_Tablet,2021-08-01T00:00:00.000Z,2021-08-08T00:00:00.000Z,45,0,2,2,0,0,319,376,0,170,0,865,1.93361,1.29823,0,0.81974,0,4.05158,1,2,0,0,0,3,0,0,0,0,0,0,0,0,0,0,0,0,0,0,0,0,0,0
dsp,Demobrand_2,Amazon_CPZ-AMZ-027_2021_Demobrand_1_Demobrand_2_Conversion_ROAS,NA,2021-08-01T00:00:00.000Z,2021-08-08T00:00:00.000Z,198,0,170,124,0,0,862,86,0,55,130,1133,2.38431,0.20131,0,0.21063,0.45064,3.24689,0,0,0,0,0,0,0,0,0,0,0,0,0,0,0,0,0,0,0,0,0,0,0,0
dsp,Demobrand_2,Amazon_CPZ-AMZ-027_2021_Demobrand_1_Demobrand_2_Conversion_ROAS,phone_only,2021-08-01T00:00:00.000Z,2021-08-08T00:00:00.000Z,112573,97,3608,1825,352,343,327830,0,0,0,0,327830,1875.82079,0,0,0,0,1875.82079,452,0,0,0,0,452,352,0,0,0,0,352,4352.35,0,0,0,0,4352.35,2.320237638,0,0,0,0,2.320237638
dsp,Demobrand_1,Amazon_CPZ-AMZ-028_2021_Demobrand_1_Product_Type1_Consideration_DPVR_AV_DO NOT BILL,Tablet_and_Phone,2021-08-01T00:00:00.000Z,2021-08-08T00:00:00.000Z,3,0,0,0,0,0,3,3,0,0,0,6,0.0214,0.02004,0,0,0,0.04144,0,0,0,0,0,0,0,0,0,0,0,0,0,0,0,0,0,0,0,0,0,0,0,0
dsp,Demobrand_4,Amazon_TMZ-AMZ-008_2021_Demobrand_4_OC/PC_Consideration_DPVR_Adults,NA,2021-08-01T00:00:00.000Z,2021-08-08T00:00:00.000Z,316,0,439,270,2,1,279,103,0,0,62,444,0.59582,0.15254,0,0,0.20405,0.95241,0,4,0,0,0,4,0,0,0,0,2,2,0,0,0,0,25.98,25.98,0,0,0,0,127.3217349,27.27816802
dsp,Demobrand_4,Amazon_TMZ-AMZ-008_2021_Demobrand_4_OC/PC_Consideration_DPVR_Personal Care,PC_and_Phone,2021-08-01T00:00:00.000Z,2021-08-08T00:00:00.000Z,883,1,35,19,1,1,1459,0,0,1343,0,2802,9.09665,0,0,9.21586,0,18.31251,0,0,0,2,0,2,1,0,0,0,0,1,17.91,0,0,0,0,17.91,1.968856667,0,0,0,0,0.978019944
,,,,2021-08-01T00:00:00.000Z,2021-08-08T00:00:00.000Z,1,0,,,0,0,,,,,,,,,,,,,,,,,,,,,,,,,,,,,,,,,,,,
dsp,Demobrand_4,Amazon_TMZ-AMZ-008_2021_Demobrand_4_OC/PC_Consideration_DPVR_Personal Care,NA,2021-08-01T00:00:00.000Z,2021-08-08T00:00:00.000Z,256,0,299,203,0,0,336,1,0,1,62,400,1.14554,0.00128,0,0.00956,0.21059,1.36697,0,0,0,0,0,0,0,0,0,0,0,0,0,0,0,0,0,0,0,0,0,0,0,0
,,,,2021-08-01T00:00:00.000Z,2021-08-08T00:00:00.000Z,101556,123,,,205,201,,,,,,,,,,,,,,,,,,,,,,,,,,,,,,,,,,,,
dsp,Demobrand_4,Amazon_TMZ-AMZ-008_2021_Demobrand_4_OC/PC_Conversion_ROAS_Kids,NA,2021-08-01T00:00:00.000Z,2021-08-08T00:00:00.000Z,191,0,169,119,0,0,35,8,0,107,111,261,0.14782,0.02585,0,0.37551,0.42804,0.97722,0,0,0,0,0,0,0,0,0,0,0,0,0,0,0,0,0,0,0,0,0,0,0,0
dsp,Demobrand_3,Amazon_CPZ-AMZ-027_2021_Demobrand_3_PCP_Consideration_DPVR,Phone_and_PC_and_Tablet,2021-08-01T00:00:00.000Z,2021-08-08T00:00:00.000Z,5,0,0,0,0,0,13,31,0,5,0,49,0.02894,0.07294,0,0.0309,0,0.13278,0,0,0,0,0,0,0,0,0,0,0,0,0,0,0,0,0,0,0,0,0,0,0,0
,,,,2021-08-01T00:00:00.000Z,2021-08-08T00:00:00.000Z,1,0,,,0,0,,,,,,,,,,,,,,,,,,,,,,,,,,,,,,,,,,,,
dsp,Demobrand_1,Amazon_CPZ-AMZ-028_2021_Demobrand_1_Product_Type3_Consideration_DPVR,Phone_and_PC_and_Tablet,2021-08-01T00:00:00.000Z,2021-08-08T00:00:00.000Z,5,0,0,0,0,0,9,8,0,7,0,24,0.02934,0.01653,0,0.04342,0,0.08929,0,0,0,0,0,0,0,0,0,0,0,0,0,0,0,0,0,0,0,0,0,0,0,0
dsp,Demobrand_1,Amazon_CPZ-AMZ-028_2021_Demobrand_1_Product_Type1_Consideration_DPVR_AV_DO NOT BILL,PC_only,2021-08-01T00:00:00.000Z,2021-08-08T00:00:00.000Z,232474,26,885,489,48,48,0,0,0,238049,0,238049,0,0,0,788.63423,0,788.63423,0,0,0,52,0,52,0,0,0,48,0,48,0,0,0,689.98,0,689.98,0,0,0,0.874904961,0,0.874904961
dsp,Demobrand_1,Amazon_CPZ-AMZ-028_2021_Demobrand_1_Product_Type3_Conversion_ROAS,PC_and_TV,2021-08-01T00:00:00.000Z,2021-08-08T00:00:00.000Z,4,0,0,0,0,0,0,0,17,85,0,102,0,0,0.0705,0.35482,0,0.42532,0,0,0,0,0,0,0,0,0,0,0,0,0,0,0,0,0,0,0,0,0,0,0,0
,,,,2021-08-01T00:00:00.000Z,2021-08-08T00:00:00.000Z,72,0,,,0,0,,,,,,,,,,,,,,,,,,,,,,,,,,,,,,,,,,,,
,,,,2021-08-01T00:00:00.000Z,2021-08-08T00:00:00.000Z,1,0,,,0,0,,,,,,,,,,,,,,,,,,,,,,,,,,,,,,,,,,,,
dsp,Demobrand_1,Amazon_CPZ-AMZ-028_2021_Demobrand_1_SnSS_Conversion_SnSS,phone_only,2021-08-01T00:00:00.000Z,2021-08-08T00:00:00.000Z,34996,7,209,125,25,24,60098,0,0,0,0,60098,306.51373,0,0,0,0,306.51373,39,0,0,0,0,39,25,0,0,0,0,25,290.5,0,0,0,0,290.5,0.94775526,0,0,0,0,0.94775526
,,,,2021-08-01T00:00:00.000Z,2021-08-08T00:00:00.000Z,1,0,,,0,0,,,,,,,,,,,,,,,,,,,,,,,,,,,,,,,,,,,,
dsp,Demobrand_1,Amazon_CPZ-AMZ-028_2021_Demobrand_1_SnSS_Conversion_SnSS,TV_only,2021-08-01T00:00:00.000Z,2021-08-08T00:00:00.000Z,15,0,0,0,0,0,0,0,22,0,0,22,0,0,0.15832,0,0,0.15832,0,0,0,0,0,0,0,0,0,0,0,0,0,0,0,0,0,0,0,0,0,0,0,0
,,,,2021-08-01T00:00:00.000Z,2021-08-08T00:00:00.000Z,12,0,,,0,0,,,,,,,,,,,,,,,,,,,,,,,,,,,,,,,,,,,,
,,,,2021-08-01T00:00:00.000Z,2021-08-08T00:00:00.000Z,1,0,,,0,0,,,,,,,,,,,,,,,,,,,,,,,,,,,,,,,,,,,,
,,,,2021-08-01T00:00:00.000Z,2021-08-08T00:00:00.000Z,1,0,,,0,0,,,,,,,,,,,,,,,,,,,,,,,,,,,,,,,,,,,,
dsp,Demobrand_1,Amazon_CPZ-AMZ-028_2021_Demobrand_1_Product_Type3_Consideration_DPVR_AV_DO NOT BILL,phone_only,2021-08-01T00:00:00.000Z,2021-08-08T00:00:00.000Z,878450,297,12371,6851,701,682,1086630,0,0,0,0,1086630,7891.87085,0,0,0,0,7891.87085,1393,0,0,0,0,1393,701,0,0,0,0,701,7508.09,0,0,0,0,7508.09,0.951370105,0,0,0,0,0.951370105
,,,,2021-08-01T00:00:00.000Z,2021-08-08T00:00:00.000Z,266,0,,,1,1,,,,,,,,,,,,,,,,,,,,,,,,,,,,,,,,,,,,
dsp,Demobrand_1,Amazon_CPZ-AMZ-029_2021_Demobrand_1_Hum CRM Test_Conversion_ROAS,tablet_only,2021-08-01T00:00:00.000Z,2021-08-08T00:00:00.000Z,110,0,3,3,0,0,0,555,0,0,0,555,0,0.79004,0,0,0,0.79004,0,3,0,0,0,3,0,0,0,0,0,0,0,0,0,0,0,0,0,0,0,0,0,0
dsp,Demobrand_4,Amazon_TMZ-AMZ-008_2021_Demobrand_4_OC/PC_Consideration_DPVR_Kids,phone_only,2021-08-01T00:00:00.000Z,2021-08-08T00:00:00.000Z,215980,139,3599,1971,232,222,375553,0,0,0,0,375553,2185.86953,0,0,0,0,2185.86953,814,0,0,0,0,814,232,0,0,0,0,232,3013.48,0,0,0,0,3013.48,1.378618421,0,0,0,0,1.378618421
dsp,Demobrand_4,Amazon_TMZ-AMZ-008_2021_Demobrand_4_OC/PC_Conversion_ROAS_Adults,Tablet_and_Phone,2021-08-01T00:00:00.000Z,2021-08-08T00:00:00.000Z,1381,3,56,31,10,10,13121,21358,0,0,0,34479,58.50598,71.66624,0,0,0,130.17222,15,29,0,0,0,44,7,3,0,0,0,10,103.62,30.41,0,0,0,134.03,1.771101005,0.424328108,0,0,0,1.02963597
dsp,Demobrand_1,Amazon_CPZ-AMZ-028_2021_Demobrand_1_Product_Type2_Conversion_ROAS,PC_and_Phone,2021-08-01T00:00:00.000Z,2021-08-08T00:00:00.000Z,21937,35,823,428,72,71,70339,0,0,112414,0,182753,466.80431,0,0,626.40017,0,1093.20448,76,0,0,29,0,105,41,0,0,31,0,72,316.1,0,0,245.35,0,561.45,0.677157415,0,0,0.391682525,0,0.513581869
dsp,Demobrand_1,Amazon_CPZ-AMZ-028_2021_Demobrand_1_Product_Type3_Consideration_DPVR_AV_DO NOT BILL,PC_and_Tablet,2021-08-01T00:00:00.000Z,2021-08-08T00:00:00.000Z,3,0,0,0,0,0,0,4,0,8,0,12,0,0.03067,0,0.05977,0,0.09044,0,0,0,0,0,0,0,0,0,0,0,0,0,0,0,0,0,0,0,0,0,0,0,0
,,,,2021-08-01T00:00:00.000Z,2021-08-08T00:00:00.000Z,3,0,,,0,0,,,,,,,,,,,,,,,,,,,,,,,,,,,,,,,,,,,,
dsp,Demobrand_1,Amazon_CPZ-AMZ-028_2021_Demobrand_1_Product_Type2_Conversion_ROAS,phone_only,2021-08-01T00:00:00.000Z,2021-08-08T00:00:00.000Z,258306,471,7327,3946,1105,1072,801349,0,0,0,0,801349,5516.48428,0,0,0,0,5516.48428,900,0,0,0,0,900,1105,0,0,0,0,1105,7698.59,0,0,0,0,7698.59,1.395560942,0,0,0,0,1.395560942
dsp,Demobrand_1,Amazon_CPZ-AMZ-028_2021_Demobrand_1_Product_Type3_Consideration_DPVR,NA,2021-08-01T00:00:00.000Z,2021-08-08T00:00:00.000Z,1159,0,755,538,0,0,2511,643,0,1,957,4112,9.73666,1.97823,0,0.00849,3.52304,15.24642,8,0,0,0,3,11,0,0,0,0,0,0,0,0,0,0,0,0,0,0,0,0,0,0
dsp,Demobrand_1,Amazon_CPZ-AMZ-028_2021_Demobrand_1_Product_Type2_Consideration_DPVR_AV_DO NOT BILL,TV_only,2021-08-01T00:00:00.000Z,2021-08-08T00:00:00.000Z,372,0,0,0,0,0,0,0,386,0,0,386,0,0,0.88483,0,0,0.88483,0,0,0,0,0,0,0,0,0,0,0,0,0,0,0,0,0,0,0,0,0,0,0,0
dsp,Demobrand_1,Amazon_CPZ-AMZ-028_2021_Demobrand_1_Product_Type1_Conversion_ROAS,NA,2021-08-01T00:00:00.000Z,2021-08-08T00:00:00.000Z,166,0,322,140,0,0,0,0,0,0,0,0,0,0,0,0,0,0,0,0,0,0,0,0,0,0,0,0,0,0,0,0,0,0,0,0,0,0,0,0,0,0
dsp,Demobrand_4,Amazon_TMZ-AMZ-008_2021_Demobrand_4_OC/PC_Conversion_ROAS_Personal Care,PC_only,2021-08-01T00:00:00.000Z,2021-08-08T00:00:00.000Z,16920,16,389,175,42,41,0,0,0,63558,0,63558,0,0,0,300.97783,0,300.97783,0,0,0,29,0,29,0,0,0,42,0,42,0,0,0,850.59,0,850.59,0,0,0,2.826088553,0,2.826088553
dsp,Demobrand_1,Amazon_CPZ-AMZ-028_2021_Demobrand_1_Product_Type4_Conversion_ROAS,phone_only,2021-08-01T00:00:00.000Z,2021-08-08T00:00:00.000Z,398793,300,9379,5654,1085,1061,1164441,0,0,0,0,1164441,9292.54335,0,0,0,0,9292.54335,1479,0,0,0,0,1479,1085,0,0,0,0,1085,16205.96,0,0,0,0,16205.96,1.743974646,0,0,0,0,1.743974646
dsp,Demobrand_1,Amazon_CPZ-AMZ-028_2021_Demobrand_1_Kids_Consideration_DPVR,phone_only,2021-08-01T00:00:00.000Z,2021-08-08T00:00:00.000Z,290878,166,14642,6818,362,313,732740,0,0,0,0,732740,4970.51823,0,0,0,0,4970.51823,1674,0,0,0,0,1674,362,0,0,0,0,362,2567.02,0,0,0,0,2567.02,0.516449167,0,0,0,0,0.516449167
,,,,2021-08-01T00:00:00.000Z,2021-08-08T00:00:00.000Z,234,0,,,0,0,,,,,,,,,,,,,,,,,,,,,,,,,,,,,,,,,,,,
,,,,2021-08-01T00:00:00.000Z,2021-08-08T00:00:00.000Z,733,0,,,1,1,,,,,,,,,,,,,,,,,,,,,,,,,,,,,,,,,,,,
dsp,Demobrand_4,Amazon_TMZ-AMZ-008_2021_Demobrand_4_OC/PC_Conversion_ROAS_Adults,Phone_and_PC_and_Tablet,2021-08-01T00:00:00.000Z,2021-08-08T00:00:00.000Z,216,0,5,4,1,1,1873,2499,0,1364,0,5736,9.49757,9.3247,0,5.3581,0,24.18037,0,7,0,0,0,7,1,0,0,0,0,1,9.98,0,0,0,0,9.98,1.050795098,0,0,0,0,0.412731484
dsp,Demobrand_1,Amazon_CPZ-AMZ-028_2021_Demobrand_1_Product_Type4_Consideration_DPVR,phone_only,2021-08-01T00:00:00.000Z,2021-08-08T00:00:00.000Z,1003345,331,23112,13261,654,639,2130730,0,0,0,0,2130730,12616.32559,0,0,0,0,12616.32559,3887,0,0,0,0,3887,654,0,0,0,0,654,9112.25,0,0,0,0,9112.25,0.722258627,0,0,0,0,0.722258627
dsp,Demobrand_1,Amazon_CPZ-AMZ-028_2021_Demobrand_1_Product_Type3_Conversion_ROAS,PC_and_Phone,2021-08-01T00:00:00.000Z,2021-08-08T00:00:00.000Z,52767,51,1974,1130,258,253,187629,0,0,466962,0,654591,1470.00293,0,0,2220.34625,0,3690.34918,268,0,0,85,0,353,156,0,0,102,0,258,1901.29,0,0,1196.34,0,3097.63,1.29339198,0,0,0.538807855,0,0.839386695
,,,,2021-08-01T00:00:00.000Z,2021-08-08T00:00:00.000Z,1,0,,,0,0,,,,,,,,,,,,,,,,,,,,,,,,,,,,,,,,,,,,
dsp,Demobrand_1,Amazon_CPZ-AMZ-028_2021_Demobrand_1_Kids_Consideration_DPVR,PC_and_Phone,2021-08-01T00:00:00.000Z,2021-08-08T00:00:00.000Z,4250,9,339,175,19,15,15508,0,0,8238,0,23746,101.63983,0,0,69.82477,0,171.4646,32,0,0,2,0,34,9,0,0,10,0,19,73.42,0,0,85.28,0,158.7,0.722354612,0,0,1.221343085,0,0.925555479
dsp,Demobrand_2,Amazon_CPZ-AMZ-027_2021_Demobrand_1_Demobrand_2_Consideration_DPVR,TV_only,2021-08-01T00:00:00.000Z,2021-08-08T00:00:00.000Z,19,0,0,0,0,0,0,0,32,0,0,32,0,0,0.16588,0,0,0.16588,0,0,0,0,0,0,0,0,0,0,0,0,0,0,0,0,0,0,0,0,0,0,0,0
dsp,Demobrand_4,Amazon_TMZ-AMZ-008_2021_Demobrand_4_OC/PC_Consideration_DPVR_Personal Care,tablet_only,2021-08-01T00:00:00.000Z,2021-08-08T00:00:00.000Z,3438,0,29,22,1,1,0,13423,0,0,0,13423,0,31.03443,0,0,0,31.03443,0,29,0,0,0,29,0,1,0,0,0,1,0,23.94,0,0,0,23.94,0,0.771401311,0,0,0,0.771401311
dsp,Demobrand_4,Amazon_TMZ-AMZ-008_2021_Demobrand_4_OC/PC_Conversion_ROAS_Personal Care,NA,2021-08-01T00:00:00.000Z,2021-08-08T00:00:00.000Z,92,0,111,86,0,0,8,0,0,0,8,16,0.01931,0,0,0,0.01771,0.03702,0,0,0,0,0,0,0,0,0,0,0,0,0,0,0,0,0,0,0,0,0,0,0,0
dsp,Demobrand_2,Amazon_CPZ-AMZ-027_2021_Demobrand_1_Demobrand_2_Conversion_ROAS,Phone_and_TV,2021-08-01T00:00:00.000Z,2021-08-08T00:00:00.000Z,14,0,0,0,0,0,32,0,26,0,0,58,0.19619,0,0.07299,0,0,0.26918,0,0,0,0,0,0,0,0,0,0,0,0,0,0,0,0,0,0,0,0,0,0,0,0
dsp,Demobrand_1,Amazon_CPZ-AMZ-028_2021_Demobrand_1_Product_Type2_Conversion_ROAS,tablet_only,2021-08-01T00:00:00.000Z,2021-08-08T00:00:00.000Z,4839,3,62,38,5,5,0,24398,0,0,0,24398,0,87.46057,0,0,0,87.46057,0,52,0,0,0,52,0,5,0,0,0,5,0,19.81,0,0,0,19.81,0,0.226502068,0,0,0,0.226502068
,,,,2021-08-01T00:00:00.000Z,2021-08-08T00:00:00.000Z,1,0,,,0,0,,,,,,,,,,,,,,,,,,,,,,,,,,,,,,,,,,,,
,,,,2021-08-01T00:00:00.000Z,2021-08-08T00:00:00.000Z,6,0,,,0,0,,,,,,,,,,,,,,,,,,,,,,,,,,,,,,,,,,,,
dsp,Demobrand_4,Amazon_TMZ-AMZ-008_2021_Demobrand_4_OC/PC_Conversion_ROAS_Kids,Phone_and_TV,2021-08-01T00:00:00.000Z,2021-08-08T00:00:00.000Z,14,0,0,0,0,0,31,0,19,0,0,50,0.15498,0,0.06636,0,0,0.22134,0,0,0,0,0,0,0,0,0,0,0,0,0,0,0,0,0,0,0,0,0,0,0,0
dsp,Demobrand_1,Amazon_CPZ-AMZ-028_2021_Demobrand_1_Product_Type1_Conversion_ROAS,PC_only,2021-08-01T00:00:00.000Z,2021-08-08T00:00:00.000Z,118807,77,1911,1121,305,298,0,0,0,373651,0,373651,0,0,0,3218.94674,0,3218.94674,0,0,0,84,0,84,0,0,0,305,0,305,0,0,0,5031.72,0,5031.72,0,0,0,1.563157271,0,1.563157271
dsp,Demobrand_1,Amazon_CPZ-AMZ-028_2021_Demobrand_1_Product_Type4_Consideration_DPVR,TV_only,2021-08-01T00:00:00.000Z,2021-08-08T00:00:00.000Z,197,0,3,2,0,0,0,0,364,0,0,364,0,0,1.13391,0,0,1.13391,0,0,0,0,0,0,0,0,0,0,0,0,0,0,0,0,0,0,0,0,0,0,0,0
dsp,Demobrand_2,Amazon_CPZ-AMZ-027_2021_Demobrand_1_Demobrand_2_Conversion_ROAS,Tablet_and_Phone,2021-08-01T00:00:00.000Z,2021-08-08T00:00:00.000Z,742,0,13,8,2,2,4125,4625,0,0,0,8750,17.10836,14.22012,0,0,0,31.32848,4,3,0,0,0,7,1,1,0,0,0,2,12.36,0,0,0,0,12.36,0.722453818,0,0,0,0,0.394529195
dsp,Demobrand_1,Amazon_CPZ-AMZ-028_2021_Demobrand_1_Product_Type4_Awareness_CTR_FireTV_Pen,NA,2021-08-01T00:00:00.000Z,2021-08-08T00:00:00.000Z,22,0,26,21,0,0,0,0,0,0,0,0,0,0,0,0,0,0,0,0,0,0,0,0,0,0,0,0,0,0,0,0,0,0,0,0,0,0,0,0,0,0
dsp,Demobrand_1,Amazon_CPZ-AMZ-028_2021_Demobrand_1_Product_Type3_Consideration_DPVR_AV_DO NOT BILL,Tablet_and_Phone,2021-08-01T00:00:00.000Z,2021-08-08T00:00:00.000Z,45,0,5,2,0,0,80,48,0,0,0,128,0.5956,0.36136,0,0,0,0.95696,0,0,0,0,0,0,0,0,0,0,0,0,0,0,0,0,0,0,0,0,0,0,0,0
dsp,Demobrand_1,Amazon_CPZ-AMZ-028_2021_Demobrand_1_Kids_Conversion_ROAS,Tablet_and_Phone,2021-08-01T00:00:00.000Z,2021-08-08T00:00:00.000Z,287,0,18,12,0,0,816,878,0,0,0,1694,5.24205,5.02384,0,0,0,10.26589,2,2,0,0,0,4,0,0,0,0,0,0,0,0,0,0,0,0,0,0,0,0,0,0
dsp,Demobrand_4,Amazon_TMZ-AMZ-008_2021_Demobrand_4_OC/PC_Conversion_ROAS_Adults,PC_and_TV,2021-08-01T00:00:00.000Z,2021-08-08T00:00:00.000Z,5,0,0,0,0,0,0,0,42,34,0,76,0,0,0.12313,0.09645,0,0.21958,0,0,0,0,0,0,0,0,0,0,0,0,0,0,0,0,0,0,0,0,0,0,0,0
dsp,Demobrand_1,Amazon_CPZ-AMZ-028_2021_Demobrand_1_Product_Type2_Consideration_DPVR_AV_DO NOT BILL,phone_only,2021-08-01T00:00:00.000Z,2021-08-08T00:00:00.000Z,990307,372,9889,5070,552,541,1071446,0,0,0,0,1071446,4598.08217,0,0,0,0,4598.08217,1045,0,0,0,0,1045,552,0,0,0,0,552,3896.83,0,0,0,0,3896.83,0.847490292,0,0,0,0,0.847490292
,,,,2021-08-01T00:00:00.000Z,2021-08-08T00:00:00.000Z,542,1,,,1,1,,,,,,,,,,,,,,,,,,,,,,,,,,,,,,,,,,,,
dsp,Demobrand_2,Amazon_CPZ-AMZ-027_2021_Demobrand_1_Demobrand_2_Conversion_ROAS,Phone_and_TV_and_PC,2021-08-01T00:00:00.000Z,2021-08-08T00:00:00.000Z,4,0,0,0,0,0,10,0,12,14,0,36,0.05743,0,0.02865,0.08077,0,0.16685,0,0,0,0,0,0,0,0,0,0,0,0,0,0,0,0,0,0,0,0,0,0,0,0
dsp,Demobrand_1,Amazon_CPZ-AMZ-028_2021_Demobrand_1_Product_Type3_Consideration_DPVR,TV_only,2021-08-01T00:00:00.000Z,2021-08-08T00:00:00.000Z,68,0,0,0,0,0,0,0,121,0,0,121,0,0,0.5419,0,0,0.5419,0,0,0,0,0,0,0,0,0,0,0,0,0,0,0,0,0,0,0,0,0,0,0,0
dsp,Demobrand_1,Amazon_CPZ-AMZ-028_2021_Demobrand_1_Product_Type4_Consideration_DPVR_AV_DO NOT BILL,phone_only,2021-08-01T00:00:00.000Z,2021-08-08T00:00:00.000Z,576873,245,10785,6183,704,693,877451,0,0,0,0,877451,6861.76923,0,0,0,0,6861.76923,1127,0,0,0,0,1127,704,0,0,0,0,704,10525.77,0,0,0,0,10525.77,1.533973185,0,0,0,0,1.533973185
dsp,Demobrand_4,Amazon_TMZ-AMZ-008_2021_Demobrand_4_OC/PC_Consideration_DPVR_Personal Care,Tablet_and_Phone,2021-08-01T00:00:00.000Z,2021-08-08T00:00:00.000Z,219,0,6,3,0,0,579,849,0,0,0,1428,2.1787,2.45783,0,0,0,4.63653,1,1,0,0,0,2,0,0,0,0,0,0,0,0,0,0,0,0,0,0,0,0,0,0
dsp,Demobrand_1,Amazon_CPZ-AMZ-028_2021_Demobrand_1_Product_Type2_Conversion_ROAS,Phone_and_PC_and_Tablet,2021-08-01T00:00:00.000Z,2021-08-08T00:00:00.000Z,168,0,6,5,0,0,770,658,0,930,0,2358,3.92195,2.31953,0,4.64323,0,10.88471,2,2,0,0,0,4,0,0,0,0,0,0,0,0,0,0,0,0,0,0,0,0,0,0
dsp,Demobrand_4,Amazon_TMZ-AMZ-008_2021_Demobrand_4_OC/PC_Consideration_DPVR_Kids,NA,2021-08-01T00:00:00.000Z,2021-08-08T00:00:00.000Z,401,0,197,156,0,0,1763,94,0,0,406,2263,6.8695,0.30318,0,0,1.53453,8.70721,5,0,0,0,1,6,0,0,0,0,0,0,0,0,0,0,0,0,0,0,0,0,0,0
dsp,Demobrand_1,Amazon_CPZ-AMZ-028_2021_Demobrand_1_Product_Type1_Consideration_DPVR,NA,2021-08-01T00:00:00.000Z,2021-08-08T00:00:00.000Z,338,0,234,179,0,0,2110,687,0,0,338,3135,9.02303,2.70915,0,0,1.22542,12.9576,11,1,0,0,0,12,0,0,0,0,0,0,0,0,0,0,0,0,0,0,0,0,0,0
dsp,Demobrand_1,Amazon_CPZ-AMZ-028_2021_Demobrand_1_Product_Type1_Consideration_DPVR,PC_only,2021-08-01T00:00:00.000Z,2021-08-08T00:00:00.000Z,45930,9,319,195,21,20,0,0,0,50938,0,50938,0,0,0,472.52933,0,472.52933,0,0,0,6,0,6,0,0,0,21,0,21,0,0,0,324.55,0,324.55,0,0,0,0.686835672,0,0.686835672
dsp,Demobrand_1,Amazon_CPZ-AMZ-028_2021_Demobrand_1_Product_Type3_Conversion_ROAS,Phone_and_PC_and_Tablet,2021-08-01T00:00:00.000Z,2021-08-08T00:00:00.000Z,483,0,13,10,2,2,2294,2897,0,6386,0,11577,15.23354,10.68017,0,28.21425,0,54.12796,8,5,0,0,0,13,0,2,0,0,0,2,0,15.84,0,0,0,15.84,0,1.48312246,0,0,0,0.292639885
,,,,2021-08-01T00:00:00.000Z,2021-08-08T00:00:00.000Z,27,0,,,0,0,,,,,,,,,,,,,,,,,,,,,,,,,,,,,,,,,,,,
dsp,Demobrand_3,Amazon_CPZ-AMZ-027_2021_Demobrand_3_PCP_Consideration_DPVR,PC_only,2021-08-01T00:00:00.000Z,2021-08-08T00:00:00.000Z,13679,29,506,211,64,57,0,0,0,24852,0,24852,0,0,0,110.72292,0,110.72292,0,0,0,11,0,11,0,0,0,64,0,64,0,0,0,533.07,0,533.07,0,0,0,4.814450341,0,4.814450341
dsp,Demobrand_2,Amazon_CPZ-AMZ-027_2021_Demobrand_1_Demobrand_2_Conversion_ROAS,PC_and_Phone,2021-08-01T00:00:00.000Z,2021-08-08T00:00:00.000Z,9159,6,220,126,24,23,32092,0,0,40087,0,72179,161.48014,0,0,175.04358,0,336.52372,37,0,0,14,0,51,13,0,0,11,0,24,191.86,0,0,99.4,0,291.26,1.188133723,0,0,0.567858587,0,0.865496197
dsp,Demobrand_1,Amazon_CPZ-AMZ-028_2021_Demobrand_1_Product_Type1_Conversion_ROAS,Phone_and_PC_and_Tablet,2021-08-01T00:00:00.000Z,2021-08-08T00:00:00.000Z,103,0,0,0,0,0,380,410,0,661,0,1451,2.52444,2.09405,0,3.78158,0,8.40007,0,0,0,0,0,0,0,0,0,0,0,0,0,0,0,0,0,0,0,0,0,0,0,0
dsp,Demobrand_3,Amazon_CPZ-AMZ-027_2021_Demobrand_3_PCP_Consideration_DPVR,phone_only,2021-08-01T00:00:00.000Z,2021-08-08T00:00:00.000Z,62590,145,2701,1204,363,330,110135,0,0,0,0,110135,554.40828,0,0,0,0,554.40828,176,0,0,0,0,176,363,0,0,0,0,363,2679.71,0,0,0,0,2679.71,4.833459558,0,0,0,0,4.833459558
dsp,Demobrand_1,Amazon_CPZ-AMZ-028_2021_Demobrand_1_Product_Type4_Consideration_DPVR,Tablet_and_Phone,2021-08-01T00:00:00.000Z,2021-08-08T00:00:00.000Z,6539,0,349,236,2,2,39575,85473,0,0,0,125048,166.68322,273.75377,0,0,0,440.43699,80,311,0,0,0,391,2,0,0,0,0,2,22.54,0,0,0,0,22.54,0.135226569,0,0,0,0,0.051176446
,,,,2021-08-01T00:00:00.000Z,2021-08-08T00:00:00.000Z,1,0,,,0,0,,,,,,,,,,,,,,,,,,,,,,,,,,,,,,,,,,,,
dsp,Demobrand_1,Amazon_CPZ-AMZ-028_2021_Demobrand_1_Product_Type2_Consideration_DPVR_AV_DO NOT BILL,Tablet_and_Phone,2021-08-01T00:00:00.000Z,2021-08-08T00:00:00.000Z,21,0,0,0,0,0,23,30,0,0,0,53,0.09504,0.11425,0,0,0,0.20929,0,0,0,0,0,0,0,0,0,0,0,0,0,0,0,0,0,0,0,0,0,0,0,0
dsp,Demobrand_2,Amazon_CPZ-AMZ-027_2021_Demobrand_1_Demobrand_2_Consideration_DPVR,PC_and_Phone,2021-08-01T00:00:00.000Z,2021-08-08T00:00:00.000Z,772,2,116,55,3,3,1288,0,0,1252,0,2540,8.15549,0,0,7.92671,0,16.0822,2,0,0,5,0,7,1,0,0,2,0,3,20.97,0,0,36.7,0,57.67,2.571274074,0,0,4.629915816,0,3.585952171
dsp,Demobrand_1,Amazon_CPZ-AMZ-028_2021_Demobrand_1_Product_Type1_Conversion_ROAS,Tablet_and_Phone,2021-08-01T00:00:00.000Z,2021-08-08T00:00:00.000Z,333,0,16,6,2,2,863,1344,0,0,0,2207,6.73872,7.86026,0,0,0,14.59898,1,1,0,0,0,2,1,1,0,0,0,2,17.16,17.05,0,0,0,34.21,2.546477669,2.169139443,0,0,0,2.343314396
dsp,Demobrand_4,Amazon_TMZ-AMZ-008_2021_Demobrand_4_OC/PC_Consideration_DPVR_Personal Care,Phone_and_PC_and_Tablet,2021-08-01T00:00:00.000Z,2021-08-08T00:00:00.000Z,3,0,0,0,0,0,8,33,0,6,0,47,0.02097,0.07583,0,0.04786,0,0.14466,0,0,0,0,0,0,0,0,0,0,0,0,0,0,0,0,0,0,0,0,0,0,0,0
dsp,Demobrand_1,Amazon_CPZ-AMZ-028_2021_Demobrand_1_Product_Type1_Consideration_DPVR_AV_DO NOT BILL,phone_only,2021-08-01T00:00:00.000Z,2021-08-08T00:00:00.000Z,317000,51,2949,1593,81,81,321069,0,0,0,0,321069,2395.81297,0,0,0,0,2395.81297,321,0,0,0,0,321,81,0,0,0,0,81,1007.91,0,0,0,0,1007.91,0.420696445,0,0,0,0,0.420696445
,,,,2021-08-01T00:00:00.000Z,2021-08-08T00:00:00.000Z,1472,1,,,2,2,,,,,,,,,,,,,,,,,,,,,,,,,,,,,,,,,,,,
,,,,2021-08-01T00:00:00.000Z,2021-08-08T00:00:00.000Z,269,0,,,0,0,,,,,,,,,,,,,,,,,,,,,,,,,,,,,,,,,,,,
,,,,2021-08-01T00:00:00.000Z,2021-08-08T00:00:00.000Z,1035,1,,,3,3,,,,,,,,,,,,,,,,,,,,,,,,,,,,,,,,,,,,
,,,,2021-08-01T00:00:00.000Z,2021-08-08T00:00:00.000Z,457,0,,,0,0,,,,,,,,,,,,,,,,,,,,,,,,,,,,,,,,,,,,
,,,,2021-08-01T00:00:00.000Z,2021-08-08T00:00:00.000Z,14,0,,,0,0,,,,,,,,,,,,,,,,,,,,,,,,,,,,,,,,,,,,
dsp,Demobrand_1,Amazon_CPZ-AMZ-028_2021_Demobrand_1_Product_Type4_Awareness_CTR_FireTV_Pen,TV_only,2021-08-01T00:00:00.000Z,2021-08-08T00:00:00.000Z,124112,18,901,549,28,26,0,0,200320,0,0,200320,0,0,5039.56004,0,0,5039.56004,0,0,0,0,0,0,0,0,28,0,0,28,0,0,486.95,0,0,486.95,0,0,0.096625498,0,0,0.096625498
,,,,2021-08-01T00:00:00.000Z,2021-08-08T00:00:00.000Z,240,0,,,1,1,,,,,,,,,,,,,,,,,,,,,,,,,,,,,,,,,,,,
dsp,Demobrand_1,Amazon_CPZ-AMZ-028_2021_Demobrand_1_Product_Type3_Consideration_DPVR_AV_DO NOT BILL,TV_only,2021-08-01T00:00:00.000Z,2021-08-08T00:00:00.000Z,109,0,0,0,0,0,0,0,147,0,0,147,0,0,1.05103,0,0,1.05103,0,0,0,0,0,0,0,0,0,0,0,0,0,0,0,0,0,0,0,0,0,0,0,0
,,,,2021-08-01T00:00:00.000Z,2021-08-08T00:00:00.000Z,160,0,,,0,0,,,,,,,,,,,,,,,,,,,,,,,,,,,,,,,,,,,,
,,,,2021-08-01T00:00:00.000Z,2021-08-08T00:00:00.000Z,3,0,,,0,0,,,,,,,,,,,,,,,,,,,,,,,,,,,,,,,,,,,,
dsp,Demobrand_1,Amazon_CPZ-AMZ-028_2021_Demobrand_1_Product_Type2_Conversion_ROAS,NA,2021-08-01T00:00:00.000Z,2021-08-08T00:00:00.000Z,288,0,361,224,0,0,411,0,0,65,78,554,1.96696,0,0,0.28143,0.31136,2.55975,0,0,0,0,0,0,0,0,0,0,0,0,0,0,0,0,0,0,0,0,0,0,0,0
dsp,Demobrand_2,Amazon_CPZ-AMZ-027_2021_Demobrand_1_Demobrand_2_Consideration_DPVR,phone_only,2021-08-01T00:00:00.000Z,2021-08-08T00:00:00.000Z,73629,130,3874,1780,332,324,136705,0,0,0,0,136705,823.05403,0,0,0,0,823.05403,346,0,0,0,0,346,332,0,0,0,0,332,3895.86,0,0,0,0,3895.86,4.733419506,0,0,0,0,4.733419506
dsp,Demobrand_1,Amazon_CPZ-AMZ-028_2021_Demobrand_1_Product_Type4_Conversion_ROAS,Phone_and_PC_and_Tablet,2021-08-01T00:00:00.000Z,2021-08-08T00:00:00.000Z,230,0,6,5,0,0,1048,1877,0,858,0,3783,6.83149,9.05101,0,6.58422,0,22.46672,2,0,0,1,0,3,0,0,0,0,0,0,0,0,0,0,0,0,0,0,0,0,0,0
dsp,Demobrand_3,Amazon_CPZ-AMZ-027_2021_Demobrand_3_PCP_Consideration_DPVR,PC_and_Phone,2021-08-01T00:00:00.000Z,2021-08-08T00:00:00.000Z,416,0,24,14,1,1,1058,0,0,800,0,1858,4.39526,0,0,3.45332,0,7.84858,2,0,0,1,0,3,1,0,0,0,0,1,5.94,0,0,0,0,5.94,1.351455887,0,0,0,0,0.756824801
dsp,Demobrand_4,Amazon_TMZ-AMZ-008_2021_Demobrand_4_OC/PC_Consideration_DPVR_Adults,Tablet_and_Phone,2021-08-01T00:00:00.000Z,2021-08-08T00:00:00.000Z,128,1,6,4,2,2,916,1223,0,0,0,2139,2.81877,3.15298,0,0,0,5.97175,0,5,0,0,0,5,1,1,0,0,0,2,14.97,13.99,0,0,0,28.96,5.310827063,4.43707223,0,0,0,4.849499728
dsp,Demobrand_1,Amazon_CPZ-AMZ-028_2021_Demobrand_1_Product_Type1_Consideration_DPVR,TV_only,2021-08-01T00:00:00.000Z,2021-08-08T00:00:00.000Z,22,0,0,0,0,0,0,0,25,0,0,25,0,0,0.17598,0,0,0.17598,0,0,0,0,0,0,0,0,0,0,0,0,0,0,0,0,0,0,0,0,0,0,0,0
,,,,2021-08-01T00:00:00.000Z,2021-08-08T00:00:00.000Z,946,0,,,0,0,,,,,,,,,,,,,,,,,,,,,,,,,,,,,,,,,,,,
,,,,2021-08-01T00:00:00.000Z,2021-08-08T00:00:00.000Z,236,0,,,1,1,,,,,,,,,,,,,,,,,,,,,,,,,,,,,,,,,,,,
dsp,Demobrand_3,Amazon_CPZ-AMZ-027_2021_Demobrand_3_PCP_Consideration_DPVR,TV_only,2021-08-01T00:00:00.000Z,2021-08-08T00:00:00.000Z,8,0,0,0,0,0,0,0,12,0,0,12,0,0,0.02879,0,0,0.02879,0,0,0,0,0,0,0,0,0,0,0,0,0,0,0,0,0,0,0,0,0,0,0,0
dsp,Demobrand_1,Amazon_CPZ-AMZ-028_2021_Demobrand_1_Product_Type3_Consideration_DPVR_AV_DO NOT BILL,PC_only,2021-08-01T00:00:00.000Z,2021-08-08T00:00:00.000Z,263434,160,2568,1541,310,303,0,0,0,318349,0,318349,0,0,0,2404.61303,0,2404.61303,0,0,0,54,0,54,0,0,0,310,0,310,0,0,0,3665.76,0,3665.76,0,0,0,1.524469823,0,1.524469823
,,,,2021-08-01T00:00:00.000Z,2021-08-08T00:00:00.000Z,1,0,,,0,0,,,,,,,,,,,,,,,,,,,,,,,,,,,,,,,,,,,,
dsp,Demobrand_1,Amazon_CPZ-AMZ-028_2021_Demobrand_1_Product_Type1_Consideration_DPVR,Phone_and_PC_and_Tablet,2021-08-01T00:00:00.000Z,2021-08-08T00:00:00.000Z,2,0,0,0,0,0,10,2,0,3,0,15,0.02467,0.0084,0,0.03041,0,0.06348,0,0,0,0,0,0,0,0,0,0,0,0,0,0,0,0,0,0,0,0,0,0,0,0
dsp,Demobrand_1,Amazon_CPZ-AMZ-028_2021_Demobrand_1_Product_Type4_Awareness_CTR_FireTV_Pen,phone_only,2021-08-01T00:00:00.000Z,2021-08-08T00:00:00.000Z,2,0,0,0,0,0,3,0,0,0,0,3,0.08693,0,0,0,0,0.08693,0,0,0,0,0,0,0,0,0,0,0,0,0,0,0,0,0,0,0,0,0,0,0,0
dsp,Demobrand_3,Amazon_CPZ-AMZ-027_2021_Demobrand_3_PCP_Conversion_ROAS,Phone_and_TV,2021-08-01T00:00:00.000Z,2021-08-08T00:00:00.000Z,4,0,0,0,0,0,29,0,15,0,0,44,0.07878,0,0.03365,0,0,0.11243,0,0,0,0,0,0,0,0,0,0,0,0,0,0,0,0,0,0,0,0,0,0,0,0
dsp,Demobrand_4,Amazon_TMZ-AMZ-008_2021_Demobrand_4_OC/PC_Conversion_ROAS_Personal Care,PC_and_Phone,2021-08-01T00:00:00.000Z,2021-08-08T00:00:00.000Z,5480,7,190,99,13,13,21130,0,0,20243,0,41373,130.45336,0,0,95.58926,0,226.04262,33,0,0,6,0,39,11,0,0,2,0,13,227.6,0,0,38.85,0,266.45,1.744684844,0,0,0.406426412,0,1.178760006
,,,,2021-08-01T00:00:00.000Z,2021-08-08T00:00:00.000Z,2,0,,,0,0,,,,,,,,,,,,,,,,,,,,,,,,,,,,,,,,,,,,
dsp,Demobrand_1,Amazon_CPZ-AMZ-028_2021_Demobrand_1_Product_Type3_Consideration_DPVR_AV_DO NOT BILL,NA,2021-08-01T00:00:00.000Z,2021-08-08T00:00:00.000Z,456,0,721,409,0,0,0,0,0,0,7,7,0,0,0,0,0.06083,0.06083,0,0,0,0,0,0,0,0,0,0,0,0,0,0,0,0,0,0,0,0,0,0,0,0
,,,,2021-08-01T00:00:00.000Z,2021-08-08T00:00:00.000Z,1,0,,,0,0,,,,,,,,,,,,,,,,,,,,,,,,,,,,,,,,,,,,
dsp,Demobrand_2,Amazon_CPZ-AMZ-027_2021_Demobrand_1_Demobrand_2_Consideration_DPVR,Phone_and_TV,2021-08-01T00:00:00.000Z,2021-08-08T00:00:00.000Z,3,0,0,0,0,0,3,0,4,0,0,7,0.02114,0,0.01779,0,0,0.03893,0,0,0,0,0,0,0,0,0,0,0,0,0,0,0,0,0,0,0,0,0,0,0,0
,,,,2021-08-01T00:00:00.000Z,2021-08-08T00:00:00.000Z,30,0,,,0,0,,,,,,,,,,,,,,,,,,,,,,,,,,,,,,,,,,,,
dsp,Demobrand_1,Amazon_CPZ-AMZ-028_2021_Demobrand_1_Product_Type4_Conversion_ROAS,PC_and_TV,2021-08-01T00:00:00.000Z,2021-08-08T00:00:00.000Z,3,0,0,0,0,0,0,0,5,14,0,19,0,0,0.03322,0.12334,0,0.15656,0,0,0,0,0,0,0,0,0,0,0,0,0,0,0,0,0,0,0,0,0,0,0,0
dsp,Demobrand_4,Amazon_TMZ-AMZ-008_2021_Demobrand_4_OC/PC_Conversion_ROAS_Personal Care,TV_only,2021-08-01T00:00:00.000Z,2021-08-08T00:00:00.000Z,14,0,0,0,0,0,0,0,44,0,0,44,0,0,0.12116,0,0,0.12116,0,0,0,0,0,0,0,0,0,0,0,0,0,0,0,0,0,0,0,0,0,0,0,0
dsp,Demobrand_1,Amazon_CPZ-AMZ-028_2021_Demobrand_1_Product_Type2_Consideration_DPVR,Phone_and_PC_and_Tablet,2021-08-01T00:00:00.000Z,2021-08-08T00:00:00.000Z,4,0,0,0,0,0,5,5,0,5,0,15,0.02173,0.01226,0,0.04938,0,0.08337,0,0,0,0,0,0,0,0,0,0,0,0,0,0,0,0,0,0,0,0,0,0,0,0
,,,,2021-08-01T00:00:00.000Z,2021-08-08T00:00:00.000Z,10,0,,,0,0,,,,,,,,,,,,,,,,,,,,,,,,,,,,,,,,,,,,
,,,,2021-08-01T00:00:00.000Z,2021-08-08T00:00:00.000Z,146,0,,,0,0,,,,,,,,,,,,,,,,,,,,,,,,,,,,,,,,,,,,
,,,,2021-08-01T00:00:00.000Z,2021-08-08T00:00:00.000Z,310,0,,,1,1,,,,,,,,,,,,,,,,,,,,,,,,,,,,,,,,,,,,
,,,,2021-08-01T00:00:00.000Z,2021-08-08T00:00:00.000Z,1,0,,,0,0,,,,,,,,,,,,,,,,,,,,,,,,,,,,,,,,,,,,
dsp,Demobrand_1,Amazon_CPZ-AMZ-028_2021_Demobrand_1_Product_Type3_Conversion_ROAS,Tablet_and_Phone,2021-08-01T00:00:00.000Z,2021-08-08T00:00:00.000Z,2366,1,65,49,6,6,13520,22661,0,0,0,36181,77.71678,74.09653,0,0,0,151.81331,18,29,0,0,0,47,4,2,0,0,0,6,53.09,15.84,0,0,0,68.93,0.683121457,0.213775193,0,0,0,0.45404451
dsp,Demobrand_4,Amazon_TMZ-AMZ-008_2021_Demobrand_4_OC/PC_Consideration_DPVR_Adults,phone_only,2021-08-01T00:00:00.000Z,2021-08-08T00:00:00.000Z,303284,76,3249,1794,244,235,407473,0,0,0,0,407473,2692.41823,0,0,0,0,2692.41823,536,0,0,0,0,536,244,0,0,0,0,244,3382.71,0,0,0,0,3382.71,1.25638356,0,0,0,0,1.25638356
dsp,Demobrand_1,Amazon_CPZ-AMZ-028_2021_Demobrand_1_Product_Type4_Consideration_DPVR,PC_and_Tablet,2021-08-01T00:00:00.000Z,2021-08-08T00:00:00.000Z,26,0,3,3,0,0,0,669,0,50,0,719,0,2.14557,0,0.14775,0,2.29332,0,6,0,0,0,6,0,0,0,0,0,0,0,0,0,0,0,0,0,0,0,0,0,0
dsp,Demobrand_4,Amazon_TMZ-AMZ-008_2021_Demobrand_4_OC/PC_Conversion_ROAS_Adults,Phone_and_TV,2021-08-01T00:00:00.000Z,2021-08-08T00:00:00.000Z,30,0,0,0,0,0,292,0,111,0,0,403,1.92505,0,0.41801,0,0,2.34306,0,0,0,0,0,0,0,0,0,0,0,0,0,0,0,0,0,0,0,0,0,0,0,0
dsp,Demobrand_1,Amazon_CPZ-AMZ-028_2021_Demobrand_1_Product_Type2_Conversion_ROAS,PC_and_Tablet,2021-08-01T00:00:00.000Z,2021-08-08T00:00:00.000Z,463,1,11,5,2,2,0,2600,0,2567,0,5167,0,8.88206,0,13.39249,0,22.27455,0,3,0,1,0,4,0,1,0,1,0,2,0,4.44,0,4.44,0,8.88,0,0.499884036,0,0.331529088,0,0.398661252
dsp,Demobrand_1,Amazon_CPZ-AMZ-028_2021_Demobrand_1_Product_Type3_Conversion_ROAS,Phone_and_TV_and_PC,2021-08-01T00:00:00.000Z,2021-08-08T00:00:00.000Z,2,0,0,0,0,0,44,0,4,10,0,58,0.33365,0,0.01864,0.06362,0,0.41591,0,0,0,0,0,0,0,0,0,0,0,0,0,0,0,0,0,0,0,0,0,0,0,0
dsp,Demobrand_1,Amazon_CPZ-AMZ-028_2021_Demobrand_1_Product_Type4_Consideration_DPVR_AV_DO NOT BILL,Tablet_and_Phone,2021-08-01T00:00:00.000Z,2021-08-08T00:00:00.000Z,115,0,0,0,0,0,249,148,0,0,0,397,1.94483,1.13434,0,0,0,3.07917,0,0,0,0,0,0,0,0,0,0,0,0,0,0,0,0,0,0,0,0,0,0,0,0
dsp,Demobrand_1,Amazon_CPZ-AMZ-028_2021_Demobrand_1_Kids_Conversion_ROAS,PC_and_Phone,2021-08-01T00:00:00.000Z,2021-08-08T00:00:00.000Z,8465,3,408,211,12,12,18815,0,0,13975,0,32790,140.2778,0,0,105.44928,0,245.72708,13,0,0,4,0,17,7,0,0,5,0,12,47.33,0,0,29.95,0,77.28,0.337401927,0,0,0.284022802,0,0.314495252
dsp,Demobrand_4,Amazon_TMZ-AMZ-008_2021_Demobrand_4_OC/PC_Consideration_DPVR_Adults,PC_and_Phone,2021-08-01T00:00:00.000Z,2021-08-08T00:00:00.000Z,1542,4,123,59,10,10,2453,0,0,2773,0,5226,17.56577,0,0,17.44811,0,35.01388,3,0,0,5,0,8,8,0,0,2,0,10,90.99,0,0,24.69,0,115.68,5.179960799,0,0,1.415052977,0,3.303832652
dsp,Demobrand_1,Amazon_CPZ-AMZ-028_2021_Demobrand_1_SnSS_Conversion_SnSS,tablet_only,2021-08-01T00:00:00.000Z,2021-08-08T00:00:00.000Z,5956,0,29,18,1,1,0,13095,0,0,0,13095,0,61.73456,0,0,0,61.73456,0,12,0,0,0,12,0,1,0,0,0,1,0,7.92,0,0,0,7.92,0,0.128291187,0,0,0,0.128291187
dsp,Demobrand_1,Amazon_CPZ-AMZ-028_2021_Demobrand_1_Product_Type2_Consideration_DPVR,tablet_only,2021-08-01T00:00:00.000Z,2021-08-08T00:00:00.000Z,5470,3,38,23,3,3,0,13236,0,0,0,13236,0,46.53244,0,0,0,46.53244,0,17,0,0,0,17,0,3,0,0,0,3,0,13.9,0,0,0,13.9,0,0.298716336,0,0,0,0.298716336
dsp,Demobrand_1,Amazon_CPZ-AMZ-028_2021_Demobrand_1_Product_Type2_Consideration_DPVR_AV_DO NOT BILL,tablet_only,2021-08-01T00:00:00.000Z,2021-08-08T00:00:00.000Z,1902,0,13,9,0,0,0,2023,0,0,0,2023,0,7.36212,0,0,0,7.36212,0,2,0,0,0,2,0,0,0,0,0,0,0,0,0,0,0,0,0,0,0,0,0,0
dsp,Demobrand_1,Amazon_CPZ-AMZ-028_2021_Demobrand_1_Product_Type1_Consideration_DPVR_AV_DO NOT BILL,PC_and_Phone,2021-08-01T00:00:00.000Z,2021-08-08T00:00:00.000Z,237,1,25,6,2,2,242,0,0,245,0,487,1.59352,0,0,1.06732,0,2.66084,0,0,0,0,0,0,2,0,0,0,0,2,29.94,0,0,0,0,29.94,18.7885938,0,0,0,0,11.25208581
dsp,Demobrand_2,Amazon_CPZ-AMZ-027_2021_Demobrand_1_Demobrand_2_Conversion_ROAS,PC_and_TV,2021-08-01T00:00:00.000Z,2021-08-08T00:00:00.000Z,8,0,0,0,0,0,0,0,15,33,0,48,0,0,0.07191,0.128,0,0.19991,0,0,0,0,0,0,0,0,0,0,0,0,0,0,0,0,0,0,0,0,0,0,0,0
dsp,Demobrand_4,Amazon_TMZ-AMZ-008_2021_Demobrand_4_OC/PC_Conversion_ROAS_Kids,TV_only,2021-08-01T00:00:00.000Z,2021-08-08T00:00:00.000Z,75,0,0,0,0,0,0,0,163,0,0,163,0,0,0.58285,0,0,0.58285,0,0,0,0,0,0,0,0,0,0,0,0,0,0,0,0,0,0,0,0,0,0,0,0
,,,,2021-08-01T00:00:00.000Z,2021-08-08T00:00:00.000Z,66,0,,,0,0,,,,,,,,,,,,,,,,,,,,,,,,,,,,,,,,,,,,
dsp,Demobrand_1,Amazon_CPZ-AMZ-028_2021_Demobrand_1_Product_Type3_Conversion_ROAS,TV_only,2021-08-01T00:00:00.000Z,2021-08-08T00:00:00.000Z,33,0,0,0,0,0,0,0,153,0,0,153,0,0,0.85814,0,0,0.85814,0,0,0,0,0,0,0,0,0,0,0,0,0,0,0,0,0,0,0,0,0,0,0,0
dsp,Demobrand_1,Amazon_CPZ-AMZ-028_2021_Demobrand_1_Kids_Consideration_DPVR,TV_only,2021-08-01T00:00:00.000Z,2021-08-08T00:00:00.000Z,2,0,0,0,0,0,0,0,3,0,0,3,0,0,0.02033,0,0,0.02033,0,0,0,0,0,0,0,0,0,0,0,0,0,0,0,0,0,0,0,0,0,0,0,0
dsp,Demobrand_1,Amazon_CPZ-AMZ-028_2021_Demobrand_1_Product_Type3_Conversion_ROAS,PC_only,2021-08-01T00:00:00.000Z,2021-08-08T00:00:00.000Z,132010,118,3050,1757,508,473,0,0,0,1297754,0,1297754,0,0,0,6019.09068,0,6019.09068,0,0,0,339,0,339,0,0,0,508,0,508,0,0,0,6900.34,0,6900.34,0,0,0,1.146409045,0,1.146409045
,,,,2021-08-01T00:00:00.000Z,2021-08-08T00:00:00.000Z,1284,2,,,4,4,,,,,,,,,,,,,,,,,,,,,,,,,,,,,,,,,,,,
dsp,Demobrand_1,Amazon_CPZ-AMZ-028_2021_Demobrand_1_Product_Type3_Conversion_ROAS,phone_only,2021-08-01T00:00:00.000Z,2021-08-08T00:00:00.000Z,597028,573,17233,9609,2268,2222,1959976,0,0,0,0,1959976,15666.02997,0,0,0,0,15666.02997,2962,0,0,0,0,2962,2268,0,0,0,0,2268,25373.17,0,0,0,0,25373.17,1.619629865,0,0,0,0,1.619629865
,,,,2021-08-01T00:00:00.000Z,2021-08-08T00:00:00.000Z,1,0,,,0,0,,,,,,,,,,,,,,,,,,,,,,,,,,,,,,,,,,,,
dsp,Demobrand_2,Amazon_CPZ-AMZ-027_2021_Demobrand_1_Demobrand_2_Consideration_DPVR,tablet_only,2021-08-01T00:00:00.000Z,2021-08-08T00:00:00.000Z,1702,1,35,29,3,3,0,8750,0,0,0,8750,0,21.37179,0,0,0,21.37179,0,33,0,0,0,33,0,3,0,0,0,3,0,50.21,0,0,0,50.21,0,2.349358664,0,0,0,2.349358664
dsp,Demobrand_1,Amazon_CPZ-AMZ-028_2021_Demobrand_1_SnSS_Conversion_SnSS,PC_only,2021-08-01T00:00:00.000Z,2021-08-08T00:00:00.000Z,87431,26,588,358,91,89,0,0,0,145618,0,145618,0,0,0,855.99118,0,855.99118,0,0,0,20,0,20,0,0,0,91,0,91,0,0,0,1290.05,0,1290.05,0,0,0,1.507083286,0,1.507083286
dsp,Demobrand_1,Amazon_CPZ-AMZ-028_2021_Demobrand_1_Product_Type2_Consideration_DPVR,PC_and_Phone,2021-08-01T00:00:00.000Z,2021-08-08T00:00:00.000Z,5028,7,245,122,11,11,6788,0,0,8236,0,15024,48.79913,0,0,64.15873,0,112.95786,9,0,0,4,0,13,7,0,0,4,0,11,45.71,0,0,27.59,0,73.3,0.936697027,0,0,0.430027215,0,0.64891456
dsp,Demobrand_1,Amazon_CPZ-AMZ-028_2021_Demobrand_1_SnSS_Conversion_SnSS,Tablet_and_Phone,2021-08-01T00:00:00.000Z,2021-08-08T00:00:00.000Z,78,0,0,0,0,0,155,195,0,0,0,350,0.77897,0.92396,0,0,0,1.70293,0,0,0,0,0,0,0,0,0,0,0,0,0,0,0,0,0,0,0,0,0,0,0,0
,,,,2021-08-01T00:00:00.000Z,2021-08-08T00:00:00.000Z,50,0,,,1,1,,,,,,,,,,,,,,,,,,,,,,,,,,,,,,,,,,,,
,,,,2021-08-01T00:00:00.000Z,2021-08-08T00:00:00.000Z,1,0,,,0,0,,,,,,,,,,,,,,,,,,,,,,,,,,,,,,,,,,,,
,,,,2021-08-01T00:00:00.000Z,2021-08-08T00:00:00.000Z,1,0,,,0,0,,,,,,,,,,,,,,,,,,,,,,,,,,,,,,,,,,,,
dsp,Demobrand_4,Amazon_TMZ-AMZ-008_2021_Demobrand_4_OC/PC_Conversion_ROAS_Adults,tablet_only,2021-08-01T00:00:00.000Z,2021-08-08T00:00:00.000Z,3584,5,93,66,16,15,0,55278,0,0,0,55278,0,179.00987,0,0,0,179.00987,0,74,0,0,0,74,0,16,0,0,0,16,0,212.18,0,0,0,212.18,0,1.185297772,0,0,0,1.185297772
dsp,Demobrand_1,Amazon_CPZ-AMZ-028_2021_Demobrand_1_Product_Type1_Conversion_ROAS,PC_and_Phone,2021-08-01T00:00:00.000Z,2021-08-08T00:00:00.000Z,27653,26,628,376,89,86,53050,0,0,84705,0,137755,463.08733,0,0,738.57945,0,1201.66678,43,0,0,19,0,62,53,0,0,36,0,89,807.26,0,0,413.51,0,1220.77,1.743213316,0,0,0.559872063,0,1.015897269
,,,,2021-08-01T00:00:00.000Z,2021-08-08T00:00:00.000Z,70,0,,,0,0,,,,,,,,,,,,,,,,,,,,,,,,,,,,,,,,,,,,
dsp,Demobrand_1,Amazon_CPZ-AMZ-028_2021_Demobrand_1_Product_Type4_Conversion_ROAS,tablet_only,2021-08-01T00:00:00.000Z,2021-08-08T00:00:00.000Z,4885,0,75,55,2,2,0,52490,0,0,0,52490,0,171.54022,0,0,0,171.54022,0,56,0,0,0,56,0,2,0,0,0,2,0,35.88,0,0,0,35.88,0,0.209163775,0,0,0,0.209163775
dsp,Demobrand_4,Amazon_TMZ-AMZ-008_2021_Demobrand_4_OC/PC_Consideration_DPVR_Personal Care,TV_only,2021-08-01T00:00:00.000Z,2021-08-08T00:00:00.000Z,31,0,0,0,0,0,0,0,60,0,0,60,0,0,0.28725,0,0,0.28725,0,0,0,0,0,0,0,0,0,0,0,0,0,0,0,0,0,0,0,0,0,0,0,0
,,,,2021-08-01T00:00:00.000Z,2021-08-08T00:00:00.000Z,1,0,,,0,0,,,,,,,,,,,,,,,,,,,,,,,,,,,,,,,,,,,,
dsp,Demobrand_1,Amazon_CPZ-AMZ-028_2021_Demobrand_1_Kids_Conversion_ROAS,tablet_only,2021-08-01T00:00:00.000Z,2021-08-08T00:00:00.000Z,645,0,22,7,0,0,0,1706,0,0,0,1706,0,9.85324,0,0,0,9.85324,0,0,0,0,0,0,0,0,0,0,0,0,0,0,0,0,0,0,0,0,0,0,0,0
dsp,Demobrand_1,Amazon_CPZ-AMZ-028_2021_Demobrand_1_Product_Type2_Conversion_ROAS,Tablet_and_Phone,2021-08-01T00:00:00.000Z,2021-08-08T00:00:00.000Z,1509,0,73,28,3,3,6353,7295,0,0,0,13648,34.2202,26.3623,0,0,0,60.5825,11,8,0,0,0,19,1,2,0,0,0,3,4.44,11.3,0,0,0,15.74,0.129747927,0.428642417,0,0,0,0.259811002
,,,,2021-08-01T00:00:00.000Z,2021-08-08T00:00:00.000Z,487,0,,,2,2,,,,,,,,,,,,,,,,,,,,,,,,,,,,,,,,,,,,
dsp,Demobrand_1,Amazon_CPZ-AMZ-028_2021_Demobrand_1_Product_Type1_Conversion_ROAS,phone_only,2021-08-01T00:00:00.000Z,2021-08-08T00:00:00.000Z,272756,202,5359,3058,574,560,481300,0,0,0,0,481300,4275.99602,0,0,0,0,4275.99602,489,0,0,0,0,489,574,0,0,0,0,574,8557.7,0,0,0,0,8557.7,2.001334884,0,0,0,0,2.001334884
dsp,Demobrand_4,Amazon_TMZ-AMZ-008_2021_Demobrand_4_OC/PC_Consideration_DPVR_Kids,Phone_and_TV,2021-08-01T00:00:00.000Z,2021-08-08T00:00:00.000Z,5,0,0,0,0,0,36,0,7,0,0,43,0.18151,0,0.02399,0,0,0.2055,0,0,0,0,0,0,0,0,0,0,0,0,0,0,0,0,0,0,0,0,0,0,0,0
dsp,Demobrand_4,Amazon_TMZ-AMZ-008_2021_Demobrand_4_OC/PC_Consideration_DPVR_Kids,Tablet_and_Phone,2021-08-01T00:00:00.000Z,2021-08-08T00:00:00.000Z,886,1,33,14,1,1,3095,3844,0,0,0,6939,12.26609,12.4441,0,0,0,24.71019,2,16,0,0,0,18,1,0,0,0,0,1,14.97,0,0,0,0,14.97,1.220437809,0,0,0,0,0.605822942
dsp,Demobrand_1,Amazon_CPZ-AMZ-028_2021_Demobrand_1_Product_Type3_Conversion_ROAS,tablet_only,2021-08-01T00:00:00.000Z,2021-08-08T00:00:00.000Z,7357,1,152,101,8,8,0,75916,0,0,0,75916,0,220.39749,0,0,0,220.39749,0,110,0,0,0,110,0,8,0,0,0,8,0,89.79,0,0,0,89.79,0,0.407400284,0,0,0,0.407400284
dsp,Demobrand_1,Amazon_CPZ-AMZ-028_2021_Demobrand_1_Product_Type4_Consideration_DPVR,tablet_only,2021-08-01T00:00:00.000Z,2021-08-08T00:00:00.000Z,28878,3,1026,685,11,11,0,292548,0,0,0,292548,0,899.75211,0,0,0,899.75211,0,1068,0,0,0,1068,0,11,0,0,0,11,0,143.06,0,0,0,143.06,0,0.158999349,0,0,0,0.158999349
dsp,Demobrand_4,Amazon_TMZ-AMZ-008_2021_Demobrand_4_OC/PC_Consideration_DPVR_Personal Care,PC_only,2021-08-01T00:00:00.000Z,2021-08-08T00:00:00.000Z,55547,19,715,362,28,27,0,0,0,88280,0,88280,0,0,0,432.13944,0,432.13944,0,0,0,57,0,57,0,0,0,28,0,28,0,0,0,481.28,0,481.28,0,0,0,1.113714592,0,1.113714592
dsp,Demobrand_1,Amazon_CPZ-AMZ-028_2021_Demobrand_1_Product_Type2_Consideration_DPVR_AV_DO NOT BILL,PC_only,2021-08-01T00:00:00.000Z,2021-08-08T00:00:00.000Z,537377,64,1019,583,120,117,0,0,0,556198,0,556198,0,0,0,1473.72753,0,1473.72753,0,0,0,72,0,72,0,0,0,120,0,120,0,0,0,811.03,0,811.03,0,0,0,0.550325609,0,0.550325609
dsp,Demobrand_4,Amazon_TMZ-AMZ-008_2021_Demobrand_4_OC/PC_Consideration_DPVR_Personal Care,PC_and_Tablet,2021-08-01T00:00:00.000Z,2021-08-08T00:00:00.000Z,35,0,0,0,0,0,0,168,0,64,0,232,0,0.50416,0,0.41834,0,0.9225,0,0,0,0,0,0,0,0,0,0,0,0,0,0,0,0,0,0,0,0,0,0,0,0
dsp,Demobrand_1,[CLONED] Amazon_CPZ-AMZ-028_2021_Demobrand_1_Product_Type4_Awareness_CTR_FireTablet_Pen,tablet_only,2021-08-01T00:00:00.000Z,2021-08-08T00:00:00.000Z,221651,15,4139,3174,22,20,0,273672,0,0,0,273672,0,2616.30432,0,0,0,2616.30432,0,3517,0,0,0,3517,0,22,0,0,0,22,0,410.82,0,0,0,410.82,0,0.157023018,0,0,0,0.157023018
dsp,Demobrand_1,Amazon_CPZ-AMZ-028_2021_Demobrand_1_Product_Type3_Conversion_ROAS,NA,2021-08-01T00:00:00.000Z,2021-08-08T00:00:00.000Z,429,0,568,370,0,0,73,0,0,18,201,292,0.39336,0,0,0.09994,0.70115,1.19445,0,0,0,0,0,0,0,0,0,0,0,0,0,0,0,0,0,0,0,0,0,0,0,0
,,,,2021-08-01T00:00:00.000Z,2021-08-08T00:00:00.000Z,74,0,,,0,0,,,,,,,,,,,,,,,,,,,,,,,,,,,,,,,,,,,,
dsp,Demobrand_1,Amazon_CPZ-AMZ-028_2021_Demobrand_1_Product_Type4_Consideration_DPVR,Phone_and_PC_and_Tablet,2021-08-01T00:00:00.000Z,2021-08-08T00:00:00.000Z,23,0,2,2,0,0,45,965,0,67,0,1077,0.16311,2.92245,0,0.2038,0,3.28936,0,5,0,0,0,5,0,0,0,0,0,0,0,0,0,0,0,0,0,0,0,0,0,0
dsp,Demobrand_3,Amazon_CPZ-AMZ-027_2021_Demobrand_3_PCP_Consideration_DPVR,Tablet_and_Phone,2021-08-01T00:00:00.000Z,2021-08-08T00:00:00.000Z,203,0,8,5,1,1,717,800,0,0,0,1517,2.15601,1.94734,0,0,0,4.10335,3,3,0,0,0,6,0,1,0,0,0,1,0,11.28,0,0,0,11.28,0,5.792516972,0,0,0,2.7489734
dsp,Demobrand_1,Amazon_CPZ-AMZ-028_2021_Demobrand_1_Kids_Conversion_ROAS,NA,2021-08-01T00:00:00.000Z,2021-08-08T00:00:00.000Z,199,0,364,194,0,0,0,0,0,0,35,35,0,0,0,0,0.17392,0.17392,0,0,0,0,0,0,0,0,0,0,0,0,0,0,0,0,0,0,0,0,0,0,0,0
dsp,Demobrand_2,Amazon_CPZ-AMZ-027_2021_Demobrand_1_Demobrand_2_Conversion_ROAS,TV_only,2021-08-01T00:00:00.000Z,2021-08-08T00:00:00.000Z,60,0,6,2,0,0,0,0,138,0,0,138,0,0,0.55836,0,0,0.55836,0,0,0,0,0,0,0,0,0,0,0,0,0,0,0,0,0,0,0,0,0,0,0,0
dsp,Demobrand_1,Amazon_CPZ-AMZ-028_2021_Demobrand_1_Kids_Consideration_DPVR,PC_only,2021-08-01T00:00:00.000Z,2021-08-08T00:00:00.000Z,23966,17,718,357,46,43,0,0,0,46575,0,46575,0,0,0,389.12219,0,389.12219,0,0,0,11,0,11,0,0,0,46,0,46,0,0,0,415.34,0,415.34,0,0,0,1.067376805,0,1.067376805
dsp,Demobrand_4,Amazon_TMZ-AMZ-008_2021_Demobrand_4_OC/PC_Consideration_DPVR_Kids,tablet_only,2021-08-01T00:00:00.000Z,2021-08-08T00:00:00.000Z,8299,2,79,58,4,3,0,28407,0,0,0,28407,0,82.71799,0,0,0,82.71799,0,84,0,0,0,84,0,4,0,0,0,4,0,23.94,0,0,0,23.94,0,0.289417091,0,0,0,0.289417091
dsp,Demobrand_1,Amazon_CPZ-AMZ-028_2021_Demobrand_1_Product_Type4_Conversion_ROAS,PC_only,2021-08-01T00:00:00.000Z,2021-08-08T00:00:00.000Z,139271,67,2615,1588,315,300,0,0,0,425554,0,425554,0,0,0,3377.64606,0,3377.64606,0,0,0,110,0,110,0,0,0,315,0,315,0,0,0,4639.53,0,4639.53,0,0,0,1.37359863,0,1.37359863
dsp,Demobrand_4,Amazon_TMZ-AMZ-008_2021_Demobrand_4_OC/PC_Conversion_ROAS_Kids,PC_and_Phone,2021-08-01T00:00:00.000Z,2021-08-08T00:00:00.000Z,6458,3,89,52,6,5,19292,0,0,21414,0,40706,91.96374,0,0,75.54207,0,167.50581,17,0,0,3,0,20,4,0,0,2,0,6,46.52,0,0,23.26,0,69.78,0.505851545,0,0,0.307907898,0,0.416582565
dsp,Demobrand_4,Amazon_TMZ-AMZ-008_2021_Demobrand_4_OC/PC_Conversion_ROAS_Kids,Tablet_and_Phone,2021-08-01T00:00:00.000Z,2021-08-08T00:00:00.000Z,800,2,4,3,2,2,2664,2536,0,0,0,5200,11.21329,7.89284,0,0,0,19.10613,5,3,0,0,0,8,1,1,0,0,0,2,21.03,13.47,0,0,0,34.5,1.875453145,1.706610042,0,0,0,1.805703196
dsp,Demobrand_1,Amazon_CPZ-AMZ-028_2021_Demobrand_1_Product_Type1_Conversion_ROAS,TV_only,2021-08-01T00:00:00.000Z,2021-08-08T00:00:00.000Z,24,0,0,0,0,0,0,0,74,0,0,74,0,0,0.46728,0,0,0.46728,0,0,0,0,0,0,0,0,0,0,0,0,0,0,0,0,0,0,0,0,0,0,0,0
,,,,2021-08-01T00:00:00.000Z,2021-08-08T00:00:00.000Z,1,0,,,0,0,,,,,,,,,,,,,,,,,,,,,,,,,,,,,,,,,,,,
dsp,Demobrand_4,Amazon_TMZ-AMZ-008_2021_Demobrand_4_OC/PC_Consideration_DPVR_Adults,PC_only,2021-08-01T00:00:00.000Z,2021-08-08T00:00:00.000Z,124867,75,1420,902,147,140,0,0,0,223459,0,223459,0,0,0,869.90128,0,869.90128,0,0,0,147,0,147,0,0,0,147,0,147,0,0,0,2054.95,0,2054.95,0,0,0,2.362279545,0,2.362279545
dsp,Demobrand_4,Amazon_TMZ-AMZ-008_2021_Demobrand_4_OC/PC_Conversion_ROAS_Adults,phone_only,2021-08-01T00:00:00.000Z,2021-08-08T00:00:00.000Z,125134,135,3861,2136,866,845,613280,0,0,0,0,613280,3393.33013,0,0,0,0,3393.33013,879,0,0,0,0,879,866,0,0,0,0,866,10759.69,0,0,0,0,10759.69,3.170835017,0,0,0,0,3.170835017
dsp,Demobrand_1,[CLONED] Amazon_CPZ-AMZ-028_2021_Demobrand_1_Product_Type4_Awareness_CTR_FireTablet_Pen,NA,2021-08-01T00:00:00.000Z,2021-08-08T00:00:00.000Z,2440,10,5046,2395,15,14,0,0,0,0,0,0,0,0,0,0,0,0,0,0,0,0,0,0,0,0,0,0,0,0,0,0,0,0,0,0,0,0,0,0,0,0
dsp,Demobrand_1,Amazon_CPZ-AMZ-028_2021_Demobrand_1_Product_Type3_Conversion_ROAS,Phone_and_TV,2021-08-01T00:00:00.000Z,2021-08-08T00:00:00.000Z,17,0,0,0,0,0,84,0,56,0,0,140,0.52506,0,0.24807,0,0,0.77313,0,0,0,0,0,0,0,0,0,0,0,0,0,0,0,0,0,0,0,0,0,0,0,0
dsp,Demobrand_4,Amazon_TMZ-AMZ-008_2021_Demobrand_4_OC/PC_Conversion_ROAS_Kids,PC_only,2021-08-01T00:00:00.000Z,2021-08-08T00:00:00.000Z,81315,21,405,246,41,40,0,0,0,256435,0,256435,0,0,0,906.79512,0,906.79512,0,0,0,46,0,46,0,0,0,41,0,41,0,0,0,562.21,0,562.21,0,0,0,0.61999672,0,0.61999672
dsp,Demobrand_1,Amazon_CPZ-AMZ-028_2021_Demobrand_1_Product_Type2_Consideration_DPVR,phone_only,2021-08-01T00:00:00.000Z,2021-08-08T00:00:00.000Z,320028,227,7462,4172,372,365,418548,0,0,0,0,418548,3013.64487,0,0,0,0,3013.64487,522,0,0,0,0,522,372,0,0,0,0,372,2535.85,0,0,0,0,2535.85,0.841456147,0,0,0,0,0.841456147
,,,,2021-08-01T00:00:00.000Z,2021-08-08T00:00:00.000Z,1,0,,,0,0,,,,,,,,,,,,,,,,,,,,,,,,,,,,,,,,,,,,
dsp,Demobrand_1,Amazon_CPZ-AMZ-028_2021_Demobrand_1_Product_Type1_Conversion_ROAS,tablet_only,2021-08-01T00:00:00.000Z,2021-08-08T00:00:00.000Z,1523,0,16,12,1,1,0,7600,0,0,0,7600,0,30.3538,0,0,0,30.3538,0,12,0,0,0,12,0,1,0,0,0,1,0,8.98,0,0,0,8.98,0,0.295844342,0,0,0,0.295844342
dsp,Demobrand_4,Amazon_TMZ-AMZ-008_2021_Demobrand_4_OC/PC_Conversion_ROAS_Adults,PC_and_Tablet,2021-08-01T00:00:00.000Z,2021-08-08T00:00:00.000Z,463,0,8,7,4,4,0,4734,0,2801,0,7535,0,19.48949,0,11.1057,0,30.59519,0,3,0,0,0,3,0,2,0,2,0,4,0,43.31,0,21.95,0,65.26,0,2.222223362,0,1.976462537,0,2.133015026
dsp,Demobrand_1,Amazon_CPZ-AMZ-028_2021_Demobrand_1_Product_Type2_Consideration_DPVR,Phone_and_TV,2021-08-01T00:00:00.000Z,2021-08-08T00:00:00.000Z,2,0,0,0,0,0,2,0,3,0,0,5,0.01558,0,0.01546,0,0,0.03104,0,0,0,0,0,0,0,0,0,0,0,0,0,0,0,0,0,0,0,0,0,0,0,0
dsp,Demobrand_1,Amazon_CPZ-AMZ-029_2021_Demobrand_1_Hum CRM Test_Conversion_ROAS,PC_only,2021-08-01T00:00:00.000Z,2021-08-08T00:00:00.000Z,1335,0,82,44,0,0,0,0,0,2197,0,2197,0,0,0,10.60572,0,10.60572,0,0,0,4,0,4,0,0,0,0,0,0,0,0,0,0,0,0,0,0,0,0,0,0
dsp,Demobrand_1,Amazon_CPZ-AMZ-028_2021_Demobrand_1_Product_Type2_Conversion_ROAS,PC_only,2021-08-01T00:00:00.000Z,2021-08-08T00:00:00.000Z,64961,125,1401,738,248,242,0,0,0,293681,0,293681,0,0,0,1675.56177,0,1675.56177,0,0,0,69,0,69,0,0,0,248,0,248,0,0,0,1768.4,0,1768.4,0,0,0,1.055407226,0,1.055407226
dsp,Demobrand_1,Amazon_CPZ-AMZ-028_2021_Demobrand_1_Product_Type1_Consideration_DPVR,Tablet_and_Phone,2021-08-01T00:00:00.000Z,2021-08-08T00:00:00.000Z,773,0,66,41,0,0,3787,11848,0,0,0,15635,15.67419,42.2991,0,0,0,57.97329,18,65,0,0,0,83,0,0,0,0,0,0,0,0,0,0,0,0,0,0,0,0,0,0
,,,,2021-08-01T00:00:00.000Z,2021-08-08T00:00:00.000Z,46,0,,,0,0,,,,,,,,,,,,,,,,,,,,,,,,,,,,,,,,,,,,
dsp,Demobrand_4,Amazon_TMZ-AMZ-008_2021_Demobrand_4_OC/PC_Conversion_ROAS_Adults,PC_only,2021-08-01T00:00:00.000Z,2021-08-08T00:00:00.000Z,47701,24,780,453,193,183,0,0,0,218616,0,218616,0,0,0,971.15864,0,971.15864,0,0,0,56,0,56,0,0,0,193,0,193,0,0,0,2839.22,0,2839.22,0,0,0,2.923538836,0,2.923538836
dsp,Demobrand_2,Amazon_CPZ-AMZ-027_2021_Demobrand_1_Demobrand_2_Conversion_ROAS,Phone_and_PC_and_Tablet,2021-08-01T00:00:00.000Z,2021-08-08T00:00:00.000Z,120,0,0,0,0,0,653,552,0,578,0,1783,2.92821,1.81388,0,2.60654,0,7.34863,0,0,0,0,0,0,0,0,0,0,0,0,0,0,0,0,0,0,0,0,0,0,0,0
dsp,Demobrand_1,Amazon_CPZ-AMZ-028_2021_Demobrand_1_Kids_Conversion_ROAS,PC_only,2021-08-01T00:00:00.000Z,2021-08-08T00:00:00.000Z,20621,11,663,300,29,24,0,0,0,36747,0,36747,0,0,0,271.60404,0,271.60404,0,0,0,16,0,16,0,0,0,29,0,29,0,0,0,228.77,0,228.77,0,0,0,0.842292331,0,0.842292331
dsp,Demobrand_1,Amazon_CPZ-AMZ-028_2021_Demobrand_1_Kids_Consideration_DPVR,NA,2021-08-01T00:00:00.000Z,2021-08-08T00:00:00.000Z,478,0,454,266,0,0,18048,3758,0,6,526,22338,46.81724,9.33258,0,0.05057,1.26699,57.46738,55,17,0,0,1,73,0,0,0,0,0,0,0,0,0,0,0,0,0,0,0,0,0,0
dsp,Demobrand_3,Amazon_CPZ-AMZ-027_2021_Demobrand_3_PCP_Conversion_ROAS,phone_only,2021-08-01T00:00:00.000Z,2021-08-08T00:00:00.000Z,59417,216,3932,1678,595,534,146042,0,0,0,0,146042,638.88071,0,0,0,0,638.88071,152,0,0,0,0,152,595,0,0,0,0,595,5270.19,0,0,0,0,5270.19,8.249098646,0,0,0,0,8.249098646
,,,,2021-08-01T00:00:00.000Z,2021-08-08T00:00:00.000Z,152729,45,,,80,76,,,,,,,,,,,,,,,,,,,,,,,,,,,,,,,,,,,,
dsp,Demobrand_4,Amazon_TMZ-AMZ-008_2021_Demobrand_4_OC/PC_Conversion_ROAS_Adults,PC_and_Phone,2021-08-01T00:00:00.000Z,2021-08-08T00:00:00.000Z,11044,14,380,216,75,72,65555,0,0,48221,0,113776,352.03646,0,0,219.15943,0,571.19589,65,4,0,20,0,89,37,0,0,38,0,75,554.46,0,0,548.06,0,1102.52,1.575007316,0,0,2.500736564,0,1.930195961
dsp,Demobrand_3,Amazon_CPZ-AMZ-027_2021_Demobrand_3_PCP_Conversion_ROAS,Tablet_and_Phone,2021-08-01T00:00:00.000Z,2021-08-08T00:00:00.000Z,244,1,7,6,3,3,1296,1437,0,0,0,2733,3.66353,2.87657,0,0,0,6.5401,1,3,0,0,0,4,2,1,0,0,0,3,13.62,14.99,0,0,0,28.61,3.7177258,5.211067348,0,0,0,4.374550848
,,,,2021-08-01T00:00:00.000Z,2021-08-08T00:00:00.000Z,47,0,,,0,0,,,,,,,,,,,,,,,,,,,,,,,,,,,,,,,,,,,,
dsp,Demobrand_2,Amazon_CPZ-AMZ-027_2021_Demobrand_1_Demobrand_2_Conversion_ROAS,PC_and_Tablet,2021-08-01T00:00:00.000Z,2021-08-08T00:00:00.000Z,406,0,5,3,0,0,0,2379,0,2320,0,4699,0,7.4389,0,9.36541,0,16.80431,0,1,0,1,0,2,0,0,0,0,0,0,0,0,0,0,0,0,0,0,0,0,0,0
dsp,Demobrand_3,Amazon_CPZ-AMZ-027_2021_Demobrand_3_PCP_Conversion_ROAS,NA,2021-08-01T00:00:00.000Z,2021-08-08T00:00:00.000Z,158,0,301,145,0,0,5,0,0,1,15,21,0.00913,0,0,0.00902,0.04829,0.06644,0,0,0,0,0,0,0,0,0,0,0,0,0,0,0,0,0,0,0,0,0,0,0,0
,,,,2021-08-01T00:00:00.000Z,2021-08-08T00:00:00.000Z,1072,2,,,4,3,,,,,,,,,,,,,,,,,,,,,,,,,,,,,,,,,,,,
dsp,Demobrand_1,Amazon_CPZ-AMZ-028_2021_Demobrand_1_Product_Type1_Conversion_ROAS,PC_and_TV,2021-08-01T00:00:00.000Z,2021-08-08T00:00:00.000Z,4,0,0,0,0,0,0,0,19,7,0,26,0,0,0.19991,0.07881,0,0.27872,0,0,0,0,0,0,0,0,0,0,0,0,0,0,0,0,0,0,0,0,0,0,0,0
dsp,Demobrand_1,Amazon_CPZ-AMZ-028_2021_Demobrand_1_Product_Type3_Consideration_DPVR_AV_DO NOT BILL,PC_and_TV,2021-08-01T00:00:00.000Z,2021-08-08T00:00:00.000Z,3,0,0,0,0,0,0,0,3,3,0,6,0,0,0.01658,0.02238,0,0.03896,0,0,0,0,0,0,0,0,0,0,0,0,0,0,0,0,0,0,0,0,0,0,0,0
,,,,2021-08-01T00:00:00.000Z,2021-08-08T00:00:00.000Z,11,0,,,0,0,,,,,,,,,,,,,,,,,,,,,,,,,,,,,,,,,,,,
dsp,Demobrand_1,Amazon_CPZ-AMZ-028_2021_Demobrand_1_Product_Type4_Consideration_DPVR,Tablet_and_TV,2021-08-01T00:00:00.000Z,2021-08-08T00:00:00.000Z,3,0,0,0,0,0,0,20,6,0,0,26,0,0.07098,0.01907,0,0,0.09005,0,0,0,0,0,0,0,0,0,0,0,0,0,0,0,0,0,0,0,0,0,0,0,0
,,,,2021-08-01T00:00:00.000Z,2021-08-08T00:00:00.000Z,23,0,,,0,0,,,,,,,,,,,,,,,,,,,,,,,,,,,,,,,,,,,,
,,,,2021-08-01T00:00:00.000Z,2021-08-08T00:00:00.000Z,126,0,,,0,0,,,,,,,,,,,,,,,,,,,,,,,,,,,,,,,,,,,,
,,,,2021-08-01T00:00:00.000Z,2021-08-08T00:00:00.000Z,369,0,,,0,0,,,,,,,,,,,,,,,,,,,,,,,,,,,,,,,,,,,,
,,,,2021-08-01T00:00:00.000Z,2021-08-08T00:00:00.000Z,551,0,,,0,0,,,,,,,,,,,,,,,,,,,,,,,,,,,,,,,,,,,,
dsp,Demobrand_4,Amazon_TMZ-AMZ-008_2021_Demobrand_4_OC/PC_Conversion_ROAS_Personal Care,tablet_only,2021-08-01T00:00:00.000Z,2021-08-08T00:00:00.000Z,1113,1,31,23,3,3,0,12167,0,0,0,12167,0,35.9596,0,0,0,35.9596,0,30,0,0,0,30,0,3,0,0,0,3,0,40.89,0,0,0,40.89,0,1.137109423,0,0,0,1.137109423
,,,,2021-08-01T00:00:00.000Z,2021-08-08T00:00:00.000Z,61,0,,,0,0,,,,,,,,,,,,,,,,,,,,,,,,,,,,,,,,,,,,
dsp,Demobrand_1,Amazon_CPZ-AMZ-028_2021_Demobrand_1_Product_Type4_Conversion_ROAS,NA,2021-08-01T00:00:00.000Z,2021-08-08T00:00:00.000Z,356,0,606,313,0,0,181,31,0,9,108,329,0.42133,0.04858,0,0.05929,0.47715,1.00635,0,0,0,0,0,0,0,0,0,0,0,0,0,0,0,0,0,0,0,0,0,0,0,0
dsp,Demobrand_1,Amazon_CPZ-AMZ-028_2021_Demobrand_1_Product_Type3_Consideration_DPVR,Phone_and_TV,2021-08-01T00:00:00.000Z,2021-08-08T00:00:00.000Z,3,0,0,0,0,0,6,0,12,0,0,18,0.02758,0,0.01581,0,0,0.04339,0,0,0,0,0,0,0,0,0,0,0,0,0,0,0,0,0,0,0,0,0,0,0,0
,,,,2021-08-01T00:00:00.000Z,2021-08-08T00:00:00.000Z,36,0,,,0,0,,,,,,,,,,,,,,,,,,,,,,,,,,,,,,,,,,,,
dsp,Demobrand_3,Amazon_CPZ-AMZ-027_2021_Demobrand_3_PCP_Conversion_ROAS,tablet_only,2021-08-01T00:00:00.000Z,2021-08-08T00:00:00.000Z,1965,2,57,27,5,5,0,9116,0,0,0,9116,0,19.03174,0,0,0,19.03174,0,12,0,0,0,12,0,5,0,0,0,5,0,45.61,0,0,0,45.61,0,2.396522861,0,0,0,2.396522861
dsp,Demobrand_1,Amazon_CPZ-AMZ-028_2021_Demobrand_1_Kids_Consideration_DPVR,Phone_and_PC_and_Tablet,2021-08-01T00:00:00.000Z,2021-08-08T00:00:00.000Z,47,1,28,8,1,1,117,2972,0,62,0,3151,0.73093,7.87956,0,0.52108,0,9.13157,0,18,0,0,0,18,0,0,0,1,0,1,0,0,0,7.92,0,7.92,0,0,0,15.19920166,0,0.867320735
dsp,Demobrand_1,Amazon_CPZ-AMZ-028_2021_Demobrand_1_Product_Type3_Consideration_DPVR,phone_only,2021-08-01T00:00:00.000Z,2021-08-08T00:00:00.000Z,542067,110,4987,3329,226,223,1024427,0,0,0,0,1024427,5086.17466,0,0,0,0,5086.17466,2222,0,0,0,0,2222,226,0,0,0,0,226,2337.43,0,0,0,0,2337.43,0.459565421,0,0,0,0,0.459565421
,,,,2021-08-01T00:00:00.000Z,2021-08-08T00:00:00.000Z,35,0,,,0,0,,,,,,,,,,,,,,,,,,,,,,,,,,,,,,,,,,,,
,,,,2021-08-01T00:00:00.000Z,2021-08-08T00:00:00.000Z,125,0,,,0,0,,,,,,,,,,,,,,,,,,,,,,,,,,,,,,,,,,,,
dsp,Demobrand_1,Amazon_CPZ-AMZ-028_2021_Demobrand_1_Product_Type4_Conversion_ROAS,Phone_and_TV_and_PC,2021-08-01T00:00:00.000Z,2021-08-08T00:00:00.000Z,2,0,0,0,0,0,8,0,4,4,0,16,0.0615,0,0.02877,0.03598,0,0.12625,0,0,0,0,0,0,0,0,0,0,0,0,0,0,0,0,0,0,0,0,0,0,0,0
dsp,Demobrand_1,Amazon_CPZ-AMZ-028_2021_Demobrand_1_Product_Type1_Conversion_ROAS,Phone_and_TV,2021-08-01T00:00:00.000Z,2021-08-08T00:00:00.000Z,2,0,0,0,0,0,4,0,6,0,0,10,0.0347,0,0.06269,0,0,0.09739,0,0,0,0,0,0,0,0,0,0,0,0,0,0,0,0,0,0,0,0,0,0,0,0
dsp,Demobrand_4,Amazon_TMZ-AMZ-008_2021_Demobrand_4_OC/PC_Consideration_DPVR_Adults,tablet_only,2021-08-01T00:00:00.000Z,2021-08-08T00:00:00.000Z,2122,0,67,50,0,0,0,19403,0,0,0,19403,0,42.90634,0,0,0,42.90634,0,71,0,0,0,71,0,0,0,0,0,0,0,0,0,0,0,0,0,0,0,0,0,0
dsp,Demobrand_2,Amazon_CPZ-AMZ-027_2021_Demobrand_1_Demobrand_2_Consideration_DPVR,PC_only,2021-08-01T00:00:00.000Z,2021-08-08T00:00:00.000Z,40733,54,1529,620,92,83,0,0,0,58035,0,58035,0,0,0,263.96546,0,263.96546,0,0,0,36,0,36,0,0,0,92,0,92,0,0,0,994.28,0,994.28,0,0,0,3.766704932,0,3.766704932
dsp,Demobrand_1,Amazon_CPZ-AMZ-028_2021_Demobrand_1_Kids_Consideration_DPVR,PC_and_Tablet,2021-08-01T00:00:00.000Z,2021-08-08T00:00:00.000Z,106,0,12,7,0,0,0,4105,0,209,0,4314,0,10.24419,0,1.82089,0,12.06508,0,8,0,0,0,8,0,0,0,0,0,0,0,0,0,0,0,0,0,0,0,0,0,0
dsp,Demobrand_4,Amazon_TMZ-AMZ-008_2021_Demobrand_4_OC/PC_Consideration_DPVR_Adults,Phone_and_PC_and_Tablet,2021-08-01T00:00:00.000Z,2021-08-08T00:00:00.000Z,7,0,0,0,0,0,20,25,0,14,0,59,0.11702,0.08571,0,0.11237,0,0.3151,0,0,0,0,0,0,0,0,0,0,0,0,0,0,0,0,0,0,0,0,0,0,0,0
,,,,2021-08-01T00:00:00.000Z,2021-08-08T00:00:00.000Z,1,0,,,0,0,,,,,,,,,,,,,,,,,,,,,,,,,,,,,,,,,,,,
dsp,Demobrand_1,Amazon_CPZ-AMZ-028_2021_Demobrand_1_Product_Type4_Conversion_ROAS,PC_and_Phone,2021-08-01T00:00:00.000Z,2021-08-08T00:00:00.000Z,40913,57,1332,820,229,225,131067,0,0,143312,0,274379,1075.31239,0,0,1194.7646,0,2270.07699,147,0,0,25,0,172,138,0,0,91,0,229,2097.74,0,0,1303.44,0,3401.18,1.950819148,0,0,1.090959675,0,1.498266365
dsp,Demobrand_1,Amazon_CPZ-AMZ-028_2021_Demobrand_1_Product_Type4_Consideration_DPVR,NA,2021-08-01T00:00:00.000Z,2021-08-08T00:00:00.000Z,1551,0,970,657,0,0,12970,6952,0,1,1887,21810,54.03224,22.52352,0,0.00288,7.21595,83.77459,42,25,0,0,5,72,0,0,0,0,0,0,0,0,0,0,0,0,0,0,0,0,0,0
,,,,2021-08-01T00:00:00.000Z,2021-08-08T00:00:00.000Z,63,0,,,0,0,,,,,,,,,,,,,,,,,,,,,,,,,,,,,,,,,,,,
dsp,Demobrand_1,Amazon_CPZ-AMZ-028_2021_Demobrand_1_Kids_Consideration_DPVR,Tablet_and_Phone,2021-08-01T00:00:00.000Z,2021-08-08T00:00:00.000Z,899,0,204,89,1,1,9120,28748,0,0,0,37868,33.84884,74.99268,0,0,0,108.84152,42,154,0,0,0,196,1,0,0,0,0,1,8.46,0,0,0,0,8.46,0.24993471,0,0,0,0,0.077727691
dsp,Demobrand_1,Amazon_CPZ-AMZ-028_2021_Demobrand_1_Product_Type3_Consideration_DPVR,PC_only,2021-08-01T00:00:00.000Z,2021-08-08T00:00:00.000Z,126826,97,1583,908,158,156,0,0,0,157004,0,157004,0,0,0,1128.04231,0,1128.04231,0,0,0,65,0,65,0,0,0,158,0,158,0,0,0,1731.37,0,1731.37,0,0,0,1.534844912,0,1.534844912
dsp,Demobrand_3,Amazon_CPZ-AMZ-027_2021_Demobrand_3_PCP_Consideration_DPVR,tablet_only,2021-08-01T00:00:00.000Z,2021-08-08T00:00:00.000Z,3316,2,60,36,5,5,0,10399,0,0,0,10399,0,22.20493,0,0,0,22.20493,0,31,0,0,0,31,0,5,0,0,0,5,0,37.97,0,0,0,37.97,0,1.709980621,0,0,0,1.709980621
dsp,Demobrand_1,Amazon_CPZ-AMZ-028_2021_Demobrand_1_Kids_Conversion_ROAS,phone_only,2021-08-01T00:00:00.000Z,2021-08-08T00:00:00.000Z,314991,242,12291,5803,590,489,623126,0,0,0,0,623126,4798.03547,0,0,0,0,4798.03547,631,0,0,0,0,631,590,0,0,0,0,590,4334.86,0,0,0,0,4334.86,0.903465601,0,0,0,0,0.903465601
dsp,Demobrand_1,Amazon_CPZ-AMZ-028_2021_Demobrand_1_Kids_Consideration_DPVR,Phone_and_TV,2021-08-01T00:00:00.000Z,2021-08-08T00:00:00.000Z,3,0,0,0,0,0,19,0,4,0,0,23,0.14821,0,0.00655,0,0,0.15476,0,0,0,0,0,0,0,0,0,0,0,0,0,0,0,0,0,0,0,0,0,0,0,0
dsp,Demobrand_1,Amazon_CPZ-AMZ-028_2021_Demobrand_1_Product_Type3_Consideration_DPVR,tablet_only,2021-08-01T00:00:00.000Z,2021-08-08T00:00:00.000Z,30346,3,462,314,10,10,0,147295,0,0,0,147295,0,349.36802,0,0,0,349.36802,0,428,0,0,0,428,0,10,0,0,0,10,0,116.46,0,0,0,116.46,0,0.333344763,0,0,0,0.333344763
,,,,2021-08-01T00:00:00.000Z,2021-08-08T00:00:00.000Z,12,0,,,0,0,,,,,,,,,,,,,,,,,,,,,,,,,,,,,,,,,,,,
dsp,Demobrand_4,Amazon_TMZ-AMZ-008_2021_Demobrand_4_OC/PC_Conversion_ROAS_Personal Care,Tablet_and_Phone,2021-08-01T00:00:00.000Z,2021-08-08T00:00:00.000Z,320,0,8,4,1,1,1767,3058,0,0,0,4825,8.68269,10.42807,0,0,0,19.11076,3,7,0,0,0,10,0,1,0,0,0,1,0,13.44,0,0,0,13.44,0,1.288829093,0,0,0,0.703268734
dsp,Demobrand_1,Amazon_CPZ-AMZ-028_2021_Demobrand_1_Product_Type1_Consideration_DPVR,phone_only,2021-08-01T00:00:00.000Z,2021-08-08T00:00:00.000Z,137668,34,1976,1259,118,115,291168,0,0,0,0,291168,1971.20298,0,0,0,0,1971.20298,841,0,0,0,0,841,118,0,0,0,0,118,1502.32,0,0,0,0,1502.32,0.762133588,0,0,0,0,0.762133588
,,,,2021-08-01T00:00:00.000Z,2021-08-08T00:00:00.000Z,45,0,,,0,0,,,,,,,,,,,,,,,,,,,,,,,,,,,,,,,,,,,,
dsp,Demobrand_1,Amazon_CPZ-AMZ-028_2021_Demobrand_1_Product_Type2_Consideration_DPVR,TV_only,2021-08-01T00:00:00.000Z,2021-08-08T00:00:00.000Z,119,1,11,2,1,1,0,0,178,0,0,178,0,0,1.16177,0,0,1.16177,0,0,0,0,0,0,0,0,1,0,0,1,0,0,4.65,0,0,4.65,0,0,4.002513406,0,0,4.002513406
dsp,Demobrand_3,Amazon_CPZ-AMZ-027_2021_Demobrand_3_PCP_Conversion_ROAS,PC_and_Phone,2021-08-01T00:00:00.000Z,2021-08-08T00:00:00.000Z,1619,6,200,81,19,17,4387,0,0,3447,0,7834,18.91137,0,0,15.93071,0,34.84208,4,0,0,3,0,7,11,0,0,8,0,19,185.32,0,0,83.59,0,268.91,9.799395813,0,0,5.247098215,0,7.717966321
dsp,Demobrand_2,Amazon_CPZ-AMZ-027_2021_Demobrand_1_Demobrand_2_Conversion_ROAS,tablet_only,2021-08-01T00:00:00.000Z,2021-08-08T00:00:00.000Z,2614,1,29,15,4,4,0,13013,0,0,0,13013,0,42.73454,0,0,0,42.73454,0,11,0,0,0,11,0,4,0,0,0,4,0,54.58,0,0,0,54.58,0,1.277187025,0,0,0,1.277187025
dsp,Demobrand_2,Amazon_CPZ-AMZ-027_2021_Demobrand_1_Demobrand_2_Conversion_ROAS,PC_only,2021-08-01T00:00:00.000Z,2021-08-08T00:00:00.000Z,61711,34,803,474,102,97,0,0,0,260900,0,260900,0,0,0,1188.38422,0,1188.38422,0,0,0,42,0,42,0,0,0,102,0,102,0,0,0,1280.01,0,1280.01,0,0,0,1.077101142,0,1.077101142
dsp,Demobrand_1,Amazon_CPZ-AMZ-028_2021_Demobrand_1_Product_Type4_Consideration_DPVR,PC_only,2021-08-01T00:00:00.000Z,2021-08-08T00:00:00.000Z,161,1,5,1,1,1,0,0,0,167,0,167,0,0,0,1.41926,0,1.41926,0,0,0,0,0,0,0,0,0,1,0,1,0,0,0,24.99,0,24.99,0,0,0,17.60776743,0,17.60776743
dsp,Demobrand_4,Amazon_TMZ-AMZ-008_2021_Demobrand_4_OC/PC_Conversion_ROAS_Kids,tablet_only,2021-08-01T00:00:00.000Z,2021-08-08T00:00:00.000Z,3739,0,15,13,1,1,0,12291,0,0,0,12291,0,38.56591,0,0,0,38.56591,0,27,0,0,0,27,0,1,0,0,0,1,0,11.29,0,0,0,11.29,0,0.292745588,0,0,0,0.292745588
dsp,Demobrand_1,Amazon_CPZ-AMZ-028_2021_Demobrand_1_Product_Type1_Consideration_DPVR,tablet_only,2021-08-01T00:00:00.000Z,2021-08-08T00:00:00.000Z,10066,2,464,276,3,3,0,87913,0,0,0,87913,0,273.53862,0,0,0,273.53862,0,404,0,0,0,404,0,3,0,0,0,3,0,34.09,0,0,0,34.09,0,0.124625912,0,0,0,0.124625912
dsp,Demobrand_1,Amazon_CPZ-AMZ-028_2021_Demobrand_1_Product_Type3_Consideration_DPVR_AV_DO NOT BILL,PC_and_Phone,2021-08-01T00:00:00.000Z,2021-08-08T00:00:00.000Z,2316,4,101,66,7,7,3239,0,0,2752,0,5991,24.49899,0,0,20.09435,0,44.59334,3,0,0,1,0,4,3,0,0,4,0,7,40.4,0,0,49.37,0,89.77,1.649047573,0,0,2.456909529,0,2.013080877
dsp,Demobrand_1,Amazon_CPZ-AMZ-028_2021_Demobrand_1_Product_Type2_Consideration_DPVR_AV_DO NOT BILL,NA,2021-08-01T00:00:00.000Z,2021-08-08T00:00:00.000Z,1095,0,1362,881,0,0,0,0,0,0,19,19,0,0,0,0,0.04305,0.04305,0,0,0,0,0,0,0,0,0,0,0,0,0,0,0,0,0,0,0,0,0,0,0,0
dsp,Demobrand_1,Amazon_CPZ-AMZ-028_2021_Demobrand_1_Product_Type2_Consideration_DPVR_AV_DO NOT BILL,PC_and_Phone,2021-08-01T00:00:00.000Z,2021-08-08T00:00:00.000Z,1460,2,37,17,3,3,1666,0,0,1524,0,3190,7.00778,0,0,5.12732,0,12.1351,2,0,0,0,0,2,2,0,0,1,0,3,13.78,0,0,8.88,0,22.66,1.966385931,0,0,1.731898926,0,1.867310529
,,,,2021-08-01T00:00:00.000Z,2021-08-08T00:00:00.000Z,25,0,,,0,0,,,,,,,,,,,,,,,,,,,,,,,,,,,,,,,,,,,,
dsp,Demobrand_1,Amazon_CPZ-AMZ-028_2021_Demobrand_1_SnSS_Conversion_SnSS,PC_and_Tablet,2021-08-01T00:00:00.000Z,2021-08-08T00:00:00.000Z,55,0,0,0,0,0,0,112,0,110,0,222,0,0.4833,0,0.46239,0,0.94569,0,0,0,0,0,0,0,0,0,0,0,0,0,0,0,0,0,0,0,0,0,0,0,0
dsp,Demobrand_1,Amazon_CPZ-AMZ-028_2021_Demobrand_1_Product_Type2_Consideration_DPVR,PC_only,2021-08-01T00:00:00.000Z,2021-08-08T00:00:00.000Z,241027,142,3373,1954,233,224,0,0,0,335005,0,335005,0,0,0,2416.19186,0,2416.19186,0,0,0,82,0,82,0,0,0,233,0,233,0,0,0,1666.31,0,1666.31,0,0,0,0.689643082,0,0.689643082
dsp,Demobrand_1,Amazon_CPZ-AMZ-028_2021_Demobrand_1_Product_Type3_Consideration_DPVR,PC_and_Tablet,2021-08-01T00:00:00.000Z,2021-08-08T00:00:00.000Z,65,0,5,3,0,0,0,338,0,84,0,422,0,0.99064,0,0.53051,0,1.52115,0,3,0,0,0,3,0,0,0,0,0,0,0,0,0,0,0,0,0,0,0,0,0,0
dsp,Demobrand_1,Amazon_CPZ-AMZ-028_2021_Demobrand_1_Product_Type3_Consideration_DPVR,Tablet_and_Phone,2021-08-01T00:00:00.000Z,2021-08-08T00:00:00.000Z,1758,0,41,26,0,0,6362,9600,0,0,0,15962,20.64754,24.25162,0,0,0,44.89916,11,27,0,0,0,38,0,0,0,0,0,0,0,0,0,0,0,0,0,0,0,0,0,0
dsp,Demobrand_1,Amazon_CPZ-AMZ-028_2021_Demobrand_1_Kids_Consideration_DPVR,tablet_only,2021-08-01T00:00:00.000Z,2021-08-08T00:00:00.000Z,3169,0,499,184,0,0,0,70399,0,0,0,70399,0,174.98805,0,0,0,174.98805,0,408,0,0,0,408,0,0,0,0,0,0,0,0,0,0,0,0,0,0,0,0,0,0
,,,,2021-08-01T00:00:00.000Z,2021-08-08T00:00:00.000Z,90974,72,,,250,242,,,,,,,,,,,,,,,,,,,,,,,,,,,,,,,,,,,,
,,,,2021-08-01T00:00:00.000Z,2021-08-08T00:00:00.000Z,323,0,,,1,1,,,,,,,,,,,,,,,,,,,,,,,,,,,,,,,,,,,,
,,,,2021-08-01T00:00:00.000Z,2021-08-08T00:00:00.000Z,2839,6,,,6,6,,,,,,,,,,,,,,,,,,,,,,,,,,,,,,,,,,,,
dsp,Demobrand_4,Amazon_TMZ-AMZ-008_2021_Demobrand_4_OC/PC_Conversion_ROAS_Personal Care,PC_and_TV,2021-08-01T00:00:00.000Z,2021-08-08T00:00:00.000Z,2,0,0,0,0,0,0,0,5,6,0,11,0,0,0.01707,0.03534,0,0.05241,0,0,0,0,0,0,0,0,0,0,0,0,0,0,0,0,0,0,0,0,0,0,0,0
dsp,Demobrand_1,Amazon_CPZ-AMZ-029_2021_Demobrand_1_Hum CRM Test_Conversion_ROAS,TV_only,2021-08-01T00:00:00.000Z,2021-08-08T00:00:00.000Z,6,0,0,0,0,0,0,0,7,0,0,7,0,0,0.00836,0,0,0.00836,0,0,0,0,0,0,0,0,0,0,0,0,0,0,0,0,0,0,0,0,0,0,0,0